T1.nii_log-sigma-1-0-mm-3D_firstorder_10Percentile,-13.389467906951904
T1.nii_log-sigma-1-0-mm-3D_firstorder_90Percentile,13.655339241027832
T1.nii_log-sigma-1-0-mm-3D_firstorder_Energy,6679623.970100098
T1.nii_log-sigma-1-0-mm-3D_firstorder_Entropy,1.0389294318663302
T1.nii_log-sigma-1-0-mm-3D_firstorder_InterquartileRange,12.910401344299316
T1.nii_log-sigma-1-0-mm-3D_firstorder_Kurtosis,12.029091243950448
T1.nii_log-sigma-1-0-mm-3D_firstorder_Maximum,102.77758026123047
T1.nii_log-sigma-1-0-mm-3D_firstorder_Mean,0.5293197271523028
T1.nii_log-sigma-1-0-mm-3D_firstorder_MeanAbsoluteDeviation,8.793492714381543
T1.nii_log-sigma-1-0-mm-3D_firstorder_Median,1.3862386345863342
T1.nii_log-sigma-1-0-mm-3D_firstorder_Minimum,-203.28436279296875
T1.nii_log-sigma-1-0-mm-3D_firstorder_Range,306.0619430541992
T1.nii_log-sigma-1-0-mm-3D_firstorder_RobustMeanAbsoluteDeviation,5.4503644306572925
T1.nii_log-sigma-1-0-mm-3D_firstorder_RootMeanSquared,12.505792589093872
T1.nii_log-sigma-1-0-mm-3D_firstorder_Skewness,-1.1469047895391173
T1.nii_log-sigma-1-0-mm-3D_firstorder_TotalEnergy,13154857.948458534
T1.nii_log-sigma-1-0-mm-3D_firstorder_Uniformity,0.5018097802690039
T1.nii_log-sigma-1-0-mm-3D_firstorder_Variance,156.11466890788262
T1.nii_log-sigma-1-0-mm-3D_glcm_Autocorrelation,31.266403716647286
T1.nii_log-sigma-1-0-mm-3D_glcm_ClusterProminence,0.7992656410319434
T1.nii_log-sigma-1-0-mm-3D_glcm_ClusterShade,-0.18452134438485934
T1.nii_log-sigma-1-0-mm-3D_glcm_ClusterTendency,0.6350790189630193
T1.nii_log-sigma-1-0-mm-3D_glcm_Contrast,0.3553686674203458
T1.nii_log-sigma-1-0-mm-3D_glcm_Correlation,0.2783462249703708
T1.nii_log-sigma-1-0-mm-3D_glcm_DifferenceAverage,0.3534016803731801
T1.nii_log-sigma-1-0-mm-3D_glcm_DifferenceEntropy,0.9045059654564823
T1.nii_log-sigma-1-0-mm-3D_glcm_DifferenceVariance,0.21830221468115718
T1.nii_log-sigma-1-0-mm-3D_glcm_Id,0.8236194816342804
T1.nii_log-sigma-1-0-mm-3D_glcm_Idm,0.8234958585181265
T1.nii_log-sigma-1-0-mm-3D_glcm_Idmn,0.9945356709852737
T1.nii_log-sigma-1-0-mm-3D_glcm_Idn,0.9607548199919004
T1.nii_log-sigma-1-0-mm-3D_glcm_Imc1,-0.10359486016641922
T1.nii_log-sigma-1-0-mm-3D_glcm_Imc2,0.3156257887303319
T1.nii_log-sigma-1-0-mm-3D_glcm_InverseVariance,0.3517514883803375
T1.nii_log-sigma-1-0-mm-3D_glcm_JointAverage,5.585373015069264
T1.nii_log-sigma-1-0-mm-3D_glcm_JointEnergy,0.29790491754195014
T1.nii_log-sigma-1-0-mm-3D_glcm_JointEntropy,1.8942751587032318
T1.nii_log-sigma-1-0-mm-3D_glcm_MCC,0.3676447448463716
T1.nii_log-sigma-1-0-mm-3D_glcm_MaximumProbability,0.4116855467697294
T1.nii_log-sigma-1-0-mm-3D_glcm_SumAverage,11.170746030138528
T1.nii_log-sigma-1-0-mm-3D_glcm_SumEntropy,1.5333059549036976
T1.nii_log-sigma-1-0-mm-3D_glcm_SumSquares,0.24761192159584128
T1.nii_log-sigma-1-0-mm-3D_gldm_DependenceEntropy,5.431649464721578
T1.nii_log-sigma-1-0-mm-3D_gldm_DependenceNonUniformity,2105.0833060173263
T1.nii_log-sigma-1-0-mm-3D_gldm_DependenceNonUniformityNormalized,0.049287832030375234
T1.nii_log-sigma-1-0-mm-3D_gldm_DependenceVariance,33.494531126131974
T1.nii_log-sigma-1-0-mm-3D_gldm_GrayLevelNonUniformity,21432.295715289158
T1.nii_log-sigma-1-0-mm-3D_gldm_GrayLevelVariance,0.2601294541368744
T1.nii_log-sigma-1-0-mm-3D_gldm_HighGrayLevelEmphasis,31.10903769608991
T1.nii_log-sigma-1-0-mm-3D_gldm_LargeDependenceEmphasis,220.51856708030905
T1.nii_log-sigma-1-0-mm-3D_gldm_LargeDependenceHighGrayLevelEmphasis,7141.96064153594
T1.nii_log-sigma-1-0-mm-3D_gldm_LargeDependenceLowGrayLevelEmphasis,7.012427815692344
T1.nii_log-sigma-1-0-mm-3D_gldm_LowGrayLevelEmphasis,0.03331533639171739
T1.nii_log-sigma-1-0-mm-3D_gldm_SmallDependenceEmphasis,0.0136248625015823
T1.nii_log-sigma-1-0-mm-3D_gldm_SmallDependenceHighGrayLevelEmphasis,0.3932245193858089
T1.nii_log-sigma-1-0-mm-3D_gldm_SmallDependenceLowGrayLevelEmphasis,0.0005249300378795507
T1.nii_log-sigma-1-0-mm-3D_glrlm_GrayLevelNonUniformity,10749.742676204227
T1.nii_log-sigma-1-0-mm-3D_glrlm_GrayLevelNonUniformityNormalized,0.4908692485250628
T1.nii_log-sigma-1-0-mm-3D_glrlm_GrayLevelVariance,0.2738746550499392
T1.nii_log-sigma-1-0-mm-3D_glrlm_HighGrayLevelRunEmphasis,30.248253501463687
T1.nii_log-sigma-1-0-mm-3D_glrlm_LongRunEmphasis,12.43776987107379
T1.nii_log-sigma-1-0-mm-3D_glrlm_LongRunHighGrayLevelEmphasis,401.24614546704294
T1.nii_log-sigma-1-0-mm-3D_glrlm_LongRunLowGrayLevelEmphasis,0.3975552174349152
T1.nii_log-sigma-1-0-mm-3D_glrlm_LowGrayLevelRunEmphasis,0.034377560431634126
T1.nii_log-sigma-1-0-mm-3D_glrlm_RunEntropy,3.0797645010440218
T1.nii_log-sigma-1-0-mm-3D_glrlm_RunLengthNonUniformity,9142.642829408143
T1.nii_log-sigma-1-0-mm-3D_glrlm_RunLengthNonUniformityNormalized,0.3652084543959745
T1.nii_log-sigma-1-0-mm-3D_glrlm_RunPercentage,0.5124741098283594
T1.nii_log-sigma-1-0-mm-3D_glrlm_RunVariance,5.145876701047596
T1.nii_log-sigma-1-0-mm-3D_glrlm_ShortRunEmphasis,0.5752687411165831
T1.nii_log-sigma-1-0-mm-3D_glrlm_ShortRunHighGrayLevelEmphasis,16.991032366308424
T1.nii_log-sigma-1-0-mm-3D_glrlm_ShortRunLowGrayLevelEmphasis,0.020301979297743595
T1.nii_log-sigma-1-0-mm-3D_glszm_GrayLevelNonUniformity,62.015544041450774
T1.nii_log-sigma-1-0-mm-3D_glszm_GrayLevelNonUniformityNormalized,0.3213240623909367
T1.nii_log-sigma-1-0-mm-3D_glszm_GrayLevelVariance,0.9003194716636689
T1.nii_log-sigma-1-0-mm-3D_glszm_HighGrayLevelZoneEmphasis,27.212435233160623
T1.nii_log-sigma-1-0-mm-3D_glszm_LargeAreaEmphasis,4511965.2331606215
T1.nii_log-sigma-1-0-mm-3D_glszm_LargeAreaHighGrayLevelEmphasis,143699949.7150259
T1.nii_log-sigma-1-0-mm-3D_glszm_LargeAreaLowGrayLevelEmphasis,146144.59302721824
T1.nii_log-sigma-1-0-mm-3D_glszm_LowGrayLevelZoneEmphasis,0.04718184208052823
T1.nii_log-sigma-1-0-mm-3D_glszm_SizeZoneNonUniformity,32.119170984455955
T1.nii_log-sigma-1-0-mm-3D_glszm_SizeZoneNonUniformityNormalized,0.1664205750489946
T1.nii_log-sigma-1-0-mm-3D_glszm_SmallAreaEmphasis,0.3976632505756066
T1.nii_log-sigma-1-0-mm-3D_glszm_SmallAreaHighGrayLevelEmphasis,10.874025607015424
T1.nii_log-sigma-1-0-mm-3D_glszm_SmallAreaLowGrayLevelEmphasis,0.022034444412609783
T1.nii_log-sigma-1-0-mm-3D_glszm_ZoneEntropy,4.982801507434821
T1.nii_log-sigma-1-0-mm-3D_glszm_ZonePercentage,0.004518848044954343
T1.nii_log-sigma-1-0-mm-3D_glszm_ZoneVariance,4462993.607076701
T1.nii_log-sigma-1-0-mm-3D_ngtdm_Busyness,98.57437632754282
T1.nii_log-sigma-1-0-mm-3D_ngtdm_Coarseness,0.00014743076306226592
T1.nii_log-sigma-1-0-mm-3D_ngtdm_Complexity,10.643774792181851
T1.nii_log-sigma-1-0-mm-3D_ngtdm_Contrast,0.0030148635597590677
T1.nii_log-sigma-1-0-mm-3D_ngtdm_Strength,0.007643734898068931
T1.nii_log-sigma-3-0-mm-3D_firstorder_10Percentile,-52.4038116455078
T1.nii_log-sigma-3-0-mm-3D_firstorder_90Percentile,26.42221851348877
T1.nii_log-sigma-3-0-mm-3D_firstorder_Energy,48044630.20885752
T1.nii_log-sigma-3-0-mm-3D_firstorder_Entropy,1.5170420776461642
T1.nii_log-sigma-3-0-mm-3D_firstorder_InterquartileRange,37.927364349365234
T1.nii_log-sigma-3-0-mm-3D_firstorder_Kurtosis,5.054809577832291
T1.nii_log-sigma-3-0-mm-3D_firstorder_Maximum,147.42190551757812
T1.nii_log-sigma-3-0-mm-3D_firstorder_Mean,-8.629116837431182
T1.nii_log-sigma-3-0-mm-3D_firstorder_MeanAbsoluteDeviation,24.456537416974484
T1.nii_log-sigma-3-0-mm-3D_firstorder_Median,-4.262834548950195
T1.nii_log-sigma-3-0-mm-3D_firstorder_Minimum,-246.58840942382812
T1.nii_log-sigma-3-0-mm-3D_firstorder_Range,394.01031494140625
T1.nii_log-sigma-3-0-mm-3D_firstorder_RobustMeanAbsoluteDeviation,15.912409048194444
T1.nii_log-sigma-3-0-mm-3D_firstorder_RootMeanSquared,33.53958169628712
T1.nii_log-sigma-3-0-mm-3D_firstorder_Skewness,-0.9246848433860444
T1.nii_log-sigma-3-0-mm-3D_firstorder_TotalEnergy,94619141.49851
T1.nii_log-sigma-3-0-mm-3D_firstorder_Uniformity,0.39896726799160215
T1.nii_log-sigma-3-0-mm-3D_firstorder_Variance,1050.4418829678793
T1.nii_log-sigma-3-0-mm-3D_glcm_Autocorrelation,29.597920318502773
T1.nii_log-sigma-3-0-mm-3D_glcm_ClusterProminence,8.114161157508033
T1.nii_log-sigma-3-0-mm-3D_glcm_ClusterShade,-1.2292875108286168
T1.nii_log-sigma-3-0-mm-3D_glcm_ClusterTendency,1.4416256778987817
T1.nii_log-sigma-3-0-mm-3D_glcm_Contrast,0.32591721891279046
T1.nii_log-sigma-3-0-mm-3D_glcm_Correlation,0.6162399684089988
T1.nii_log-sigma-3-0-mm-3D_glcm_DifferenceAverage,0.29332660054312326
T1.nii_log-sigma-3-0-mm-3D_glcm_DifferenceEntropy,0.8550231977948548
T1.nii_log-sigma-3-0-mm-3D_glcm_DifferenceVariance,0.21800600564772624
T1.nii_log-sigma-3-0-mm-3D_glcm_Id,0.8583906401166801
T1.nii_log-sigma-3-0-mm-3D_glcm_Idm,0.8565680020141172
T1.nii_log-sigma-3-0-mm-3D_glcm_Idmn,0.9950422021604666
T1.nii_log-sigma-3-0-mm-3D_glcm_Idn,0.9677605578522506
T1.nii_log-sigma-3-0-mm-3D_glcm_Imc1,-0.3180807534727576
T1.nii_log-sigma-3-0-mm-3D_glcm_Imc2,0.6772998608091813
T1.nii_log-sigma-3-0-mm-3D_glcm_InverseVariance,0.2681829330133483
T1.nii_log-sigma-3-0-mm-3D_glcm_JointAverage,5.4145534423458335
T1.nii_log-sigma-3-0-mm-3D_glcm_JointEnergy,0.2673844973682344
T1.nii_log-sigma-3-0-mm-3D_glcm_JointEntropy,2.3510840191516253
T1.nii_log-sigma-3-0-mm-3D_glcm_MCC,0.6349781266971279
T1.nii_log-sigma-3-0-mm-3D_glcm_MaximumProbability,0.3689061220722637
T1.nii_log-sigma-3-0-mm-3D_glcm_SumAverage,10.829106884691667
T1.nii_log-sigma-3-0-mm-3D_glcm_SumEntropy,1.9933173742283332
T1.nii_log-sigma-3-0-mm-3D_glcm_SumSquares,0.4418857242028932
T1.nii_log-sigma-3-0-mm-3D_gldm_DependenceEntropy,5.490236096875119
T1.nii_log-sigma-3-0-mm-3D_gldm_DependenceNonUniformity,3544.5830016389605
T1.nii_log-sigma-3-0-mm-3D_gldm_DependenceNonUniformityNormalized,0.08299187547738142
T1.nii_log-sigma-3-0-mm-3D_gldm_DependenceVariance,43.64690713853143
T1.nii_log-sigma-3-0-mm-3D_gldm_GrayLevelNonUniformity,17039.89201592133
T1.nii_log-sigma-3-0-mm-3D_gldm_GrayLevelVariance,0.5119578217532267
T1.nii_log-sigma-3-0-mm-3D_gldm_HighGrayLevelEmphasis,28.91978459377195
T1.nii_log-sigma-3-0-mm-3D_gldm_LargeDependenceEmphasis,274.0808709904004
T1.nii_log-sigma-3-0-mm-3D_gldm_LargeDependenceHighGrayLevelEmphasis,8400.594474361977
T1.nii_log-sigma-3-0-mm-3D_gldm_LargeDependenceLowGrayLevelEmphasis,9.427209082200742
T1.nii_log-sigma-3-0-mm-3D_gldm_LowGrayLevelEmphasis,0.037897984999822144
T1.nii_log-sigma-3-0-mm-3D_gldm_SmallDependenceEmphasis,0.011737538076092794
T1.nii_log-sigma-3-0-mm-3D_gldm_SmallDependenceHighGrayLevelEmphasis,0.3152771392971293
T1.nii_log-sigma-3-0-mm-3D_gldm_SmallDependenceLowGrayLevelEmphasis,0.0005259784003819607
T1.nii_log-sigma-3-0-mm-3D_glrlm_GrayLevelNonUniformity,7148.533185519568
T1.nii_log-sigma-3-0-mm-3D_glrlm_GrayLevelNonUniformityNormalized,0.36496644866173455
T1.nii_log-sigma-3-0-mm-3D_glrlm_GrayLevelVariance,0.6307385595349724
T1.nii_log-sigma-3-0-mm-3D_glrlm_HighGrayLevelRunEmphasis,27.37626504578826
T1.nii_log-sigma-3-0-mm-3D_glrlm_LongRunEmphasis,45.66528654689138
T1.nii_log-sigma-3-0-mm-3D_glrlm_LongRunHighGrayLevelEmphasis,1414.468491168364
T1.nii_log-sigma-3-0-mm-3D_glrlm_LongRunLowGrayLevelEmphasis,1.557363198168796
T1.nii_log-sigma-3-0-mm-3D_glrlm_LowGrayLevelRunEmphasis,0.041342409516523744
T1.nii_log-sigma-3-0-mm-3D_glrlm_RunEntropy,3.975151025348199
T1.nii_log-sigma-3-0-mm-3D_glrlm_RunLengthNonUniformity,7918.894728674671
T1.nii_log-sigma-3-0-mm-3D_glrlm_RunLengthNonUniformityNormalized,0.33063644397423614
T1.nii_log-sigma-3-0-mm-3D_glrlm_RunPercentage,0.4546134034544243
T1.nii_log-sigma-3-0-mm-3D_glrlm_RunVariance,25.437390380189797
T1.nii_log-sigma-3-0-mm-3D_glrlm_ShortRunEmphasis,0.542470481520871
T1.nii_log-sigma-3-0-mm-3D_glrlm_ShortRunHighGrayLevelEmphasis,14.257639256237553
T1.nii_log-sigma-3-0-mm-3D_glrlm_ShortRunLowGrayLevelEmphasis,0.02377431027589451
T1.nii_log-sigma-3-0-mm-3D_glszm_GrayLevelNonUniformity,40.76119402985075
T1.nii_log-sigma-3-0-mm-3D_glszm_GrayLevelNonUniformityNormalized,0.20279201009875994
T1.nii_log-sigma-3-0-mm-3D_glszm_GrayLevelVariance,1.8471820004455335
T1.nii_log-sigma-3-0-mm-3D_glszm_HighGrayLevelZoneEmphasis,27.44776119402985
T1.nii_log-sigma-3-0-mm-3D_glszm_LargeAreaEmphasis,3211903.7114427863
T1.nii_log-sigma-3-0-mm-3D_glszm_LargeAreaHighGrayLevelEmphasis,95818017.12437811
T1.nii_log-sigma-3-0-mm-3D_glszm_LargeAreaLowGrayLevelEmphasis,111373.71266485035
T1.nii_log-sigma-3-0-mm-3D_glszm_LowGrayLevelZoneEmphasis,0.054044213456526886
T1.nii_log-sigma-3-0-mm-3D_glszm_SizeZoneNonUniformity,18.592039800995025
T1.nii_log-sigma-3-0-mm-3D_glszm_SizeZoneNonUniformityNormalized,0.09249771045271157
T1.nii_log-sigma-3-0-mm-3D_glszm_SmallAreaEmphasis,0.29520669196980864
T1.nii_log-sigma-3-0-mm-3D_glszm_SmallAreaHighGrayLevelEmphasis,8.585333150565381
T1.nii_log-sigma-3-0-mm-3D_glszm_SmallAreaLowGrayLevelEmphasis,0.013828041424556034
T1.nii_log-sigma-3-0-mm-3D_glszm_ZoneEntropy,6.188514203021539
T1.nii_log-sigma-3-0-mm-3D_glszm_ZonePercentage,0.004706157808475767
T1.nii_log-sigma-3-0-mm-3D_glszm_ZoneVariance,3166752.747357739
T1.nii_log-sigma-3-0-mm-3D_ngtdm_Busyness,64.28667900557055
T1.nii_log-sigma-3-0-mm-3D_ngtdm_Coarseness,0.0002552406031154282
T1.nii_log-sigma-3-0-mm-3D_ngtdm_Complexity,7.72704308356958
T1.nii_log-sigma-3-0-mm-3D_ngtdm_Contrast,0.0046236960508144465
T1.nii_log-sigma-3-0-mm-3D_ngtdm_Strength,0.00955616202176656
T1.nii_log-sigma-5-0-mm-3D_firstorder_10Percentile,-69.02645721435546
T1.nii_log-sigma-5-0-mm-3D_firstorder_90Percentile,31.695545959472657
T1.nii_log-sigma-5-0-mm-3D_firstorder_Energy,76029408.54039025
T1.nii_log-sigma-5-0-mm-3D_firstorder_Entropy,1.7269322813245682
T1.nii_log-sigma-5-0-mm-3D_firstorder_InterquartileRange,54.111491203308105
T1.nii_log-sigma-5-0-mm-3D_firstorder_Kurtosis,2.9112142714745763
T1.nii_log-sigma-5-0-mm-3D_firstorder_Maximum,123.52218627929688
T1.nii_log-sigma-5-0-mm-3D_firstorder_Mean,-16.12363946329161
T1.nii_log-sigma-5-0-mm-3D_firstorder_MeanAbsoluteDeviation,31.540138432346993
T1.nii_log-sigma-5-0-mm-3D_firstorder_Median,-12.320224285125732
T1.nii_log-sigma-5-0-mm-3D_firstorder_Minimum,-149.49293518066406
T1.nii_log-sigma-5-0-mm-3D_firstorder_Range,273.01512145996094
T1.nii_log-sigma-5-0-mm-3D_firstorder_RobustMeanAbsoluteDeviation,22.57065485958622
T1.nii_log-sigma-5-0-mm-3D_firstorder_RootMeanSquared,42.191602444050105
T1.nii_log-sigma-5-0-mm-3D_firstorder_Skewness,-0.364254250250219
T1.nii_log-sigma-5-0-mm-3D_firstorder_TotalEnergy,149732391.1841651
T1.nii_log-sigma-5-0-mm-3D_firstorder_Uniformity,0.3414226759826705
T1.nii_log-sigma-5-0-mm-3D_firstorder_Variance,1520.15956725456
T1.nii_log-sigma-5-0-mm-3D_glcm_Autocorrelation,10.975071625156444
T1.nii_log-sigma-5-0-mm-3D_glcm_ClusterProminence,12.705147847348455
T1.nii_log-sigma-5-0-mm-3D_glcm_ClusterShade,-1.637923361021536
T1.nii_log-sigma-5-0-mm-3D_glcm_ClusterTendency,2.1575206963181937
T1.nii_log-sigma-5-0-mm-3D_glcm_Contrast,0.3150246416333943
T1.nii_log-sigma-5-0-mm-3D_glcm_Correlation,0.7392337829738665
T1.nii_log-sigma-5-0-mm-3D_glcm_DifferenceAverage,0.2868279180953954
T1.nii_log-sigma-5-0-mm-3D_glcm_DifferenceEntropy,0.8376499329373295
T1.nii_log-sigma-5-0-mm-3D_glcm_DifferenceVariance,0.2102788325939211
T1.nii_log-sigma-5-0-mm-3D_glcm_Id,0.861260181395341
T1.nii_log-sigma-5-0-mm-3D_glcm_Idm,0.8594057133061022
T1.nii_log-sigma-5-0-mm-3D_glcm_Idmn,0.9916020471524648
T1.nii_log-sigma-5-0-mm-3D_glcm_Idn,0.9595268906457429
T1.nii_log-sigma-5-0-mm-3D_glcm_Imc1,-0.40382598590924673
T1.nii_log-sigma-5-0-mm-3D_glcm_Imc2,0.8039467436873144
T1.nii_log-sigma-5-0-mm-3D_glcm_InverseVariance,0.26239485675483504
T1.nii_log-sigma-5-0-mm-3D_glcm_JointAverage,3.242375959817889
T1.nii_log-sigma-5-0-mm-3D_glcm_JointEnergy,0.22335592666758602
T1.nii_log-sigma-5-0-mm-3D_glcm_JointEntropy,2.626837003344732
T1.nii_log-sigma-5-0-mm-3D_glcm_MCC,0.758021047578906
T1.nii_log-sigma-5-0-mm-3D_glcm_MaximumProbability,0.32847376958422747
T1.nii_log-sigma-5-0-mm-3D_glcm_SumAverage,6.484751919635778
T1.nii_log-sigma-5-0-mm-3D_glcm_SumEntropy,2.2693055925192573
T1.nii_log-sigma-5-0-mm-3D_glcm_SumSquares,0.6181363344878972
T1.nii_log-sigma-5-0-mm-3D_gldm_DependenceEntropy,5.656226064763356
T1.nii_log-sigma-5-0-mm-3D_gldm_DependenceNonUniformity,3759.407351908218
T1.nii_log-sigma-5-0-mm-3D_gldm_DependenceNonUniformityNormalized,0.0880217127583287
T1.nii_log-sigma-5-0-mm-3D_gldm_DependenceVariance,46.29175072079009
T1.nii_log-sigma-5-0-mm-3D_gldm_GrayLevelNonUniformity,14582.162491219855
T1.nii_log-sigma-5-0-mm-3D_gldm_GrayLevelVariance,0.6660074365835462
T1.nii_log-sigma-5-0-mm-3D_gldm_HighGrayLevelEmphasis,10.742730039803325
T1.nii_log-sigma-5-0-mm-3D_gldm_LargeDependenceEmphasis,280.2850386326387
T1.nii_log-sigma-5-0-mm-3D_gldm_LargeDependenceHighGrayLevelEmphasis,3257.1955045656755
T1.nii_log-sigma-5-0-mm-3D_gldm_LargeDependenceLowGrayLevelEmphasis,31.152954089596506
T1.nii_log-sigma-5-0-mm-3D_gldm_LowGrayLevelEmphasis,0.13648214703816436
T1.nii_log-sigma-5-0-mm-3D_gldm_SmallDependenceEmphasis,0.011104873706595002
T1.nii_log-sigma-5-0-mm-3D_gldm_SmallDependenceHighGrayLevelEmphasis,0.11829570989172355
T1.nii_log-sigma-5-0-mm-3D_gldm_SmallDependenceLowGrayLevelEmphasis,0.0017757550755886065
T1.nii_log-sigma-5-0-mm-3D_glrlm_GrayLevelNonUniformity,6205.369417532205
T1.nii_log-sigma-5-0-mm-3D_glrlm_GrayLevelNonUniformityNormalized,0.32305267743247373
T1.nii_log-sigma-5-0-mm-3D_glrlm_GrayLevelVariance,0.760013413009041
T1.nii_log-sigma-5-0-mm-3D_glrlm_HighGrayLevelRunEmphasis,10.141252664307133
T1.nii_log-sigma-5-0-mm-3D_glrlm_LongRunEmphasis,49.61294298100146
T1.nii_log-sigma-5-0-mm-3D_glrlm_LongRunHighGrayLevelEmphasis,594.3228220502765
T1.nii_log-sigma-5-0-mm-3D_glrlm_LongRunLowGrayLevelEmphasis,5.524792983647499
T1.nii_log-sigma-5-0-mm-3D_glrlm_LowGrayLevelRunEmphasis,0.1555943540778491
T1.nii_log-sigma-5-0-mm-3D_glrlm_RunEntropy,4.186524251248181
T1.nii_log-sigma-5-0-mm-3D_glrlm_RunLengthNonUniformity,8084.562667908554
T1.nii_log-sigma-5-0-mm-3D_glrlm_RunLengthNonUniformityNormalized,0.3372042016267101
T1.nii_log-sigma-5-0-mm-3D_glrlm_RunPercentage,0.45012157124074703
T1.nii_log-sigma-5-0-mm-3D_glrlm_RunVariance,26.679298369254255
T1.nii_log-sigma-5-0-mm-3D_glrlm_ShortRunEmphasis,0.5466235554799543
T1.nii_log-sigma-5-0-mm-3D_glrlm_ShortRunHighGrayLevelEmphasis,5.361551832440374
T1.nii_log-sigma-5-0-mm-3D_glrlm_ShortRunLowGrayLevelEmphasis,0.09302571679190072
T1.nii_log-sigma-5-0-mm-3D_glszm_GrayLevelNonUniformity,38.40828402366864
T1.nii_log-sigma-5-0-mm-3D_glszm_GrayLevelNonUniformityNormalized,0.227267952802773
T1.nii_log-sigma-5-0-mm-3D_glszm_GrayLevelVariance,1.51430272049298
T1.nii_log-sigma-5-0-mm-3D_glszm_HighGrayLevelZoneEmphasis,13.455621301775148
T1.nii_log-sigma-5-0-mm-3D_glszm_LargeAreaEmphasis,2961882.331360947
T1.nii_log-sigma-5-0-mm-3D_glszm_LargeAreaHighGrayLevelEmphasis,33711516.98224852
T1.nii_log-sigma-5-0-mm-3D_glszm_LargeAreaLowGrayLevelEmphasis,295822.3240154503
T1.nii_log-sigma-5-0-mm-3D_glszm_LowGrayLevelZoneEmphasis,0.16332018408941484
T1.nii_log-sigma-5-0-mm-3D_glszm_SizeZoneNonUniformity,9.934911242603551
T1.nii_log-sigma-5-0-mm-3D_glszm_SizeZoneNonUniformityNormalized,0.05878645705682574
T1.nii_log-sigma-5-0-mm-3D_glszm_SmallAreaEmphasis,0.2265599344039427
T1.nii_log-sigma-5-0-mm-3D_glszm_SmallAreaHighGrayLevelEmphasis,3.2490016598604887
T1.nii_log-sigma-5-0-mm-3D_glszm_SmallAreaLowGrayLevelEmphasis,0.023769745603232337
T1.nii_log-sigma-5-0-mm-3D_glszm_ZoneEntropy,6.3521508664555
T1.nii_log-sigma-5-0-mm-3D_glszm_ZonePercentage,0.003956918754390072
T1.nii_log-sigma-5-0-mm-3D_glszm_ZoneVariance,2898013.9759112075
T1.nii_log-sigma-5-0-mm-3D_ngtdm_Busyness,148.48212342857929
T1.nii_log-sigma-5-0-mm-3D_ngtdm_Coarseness,0.0003021471160447865
T1.nii_log-sigma-5-0-mm-3D_ngtdm_Complexity,3.7528135991515432
T1.nii_log-sigma-5-0-mm-3D_ngtdm_Contrast,0.010748618671282859
T1.nii_log-sigma-5-0-mm-3D_ngtdm_Strength,0.004281146146637061
T1.nii_original_firstorder_10Percentile,666.0
T1.nii_original_firstorder_90Percentile,796.0
T1.nii_original_firstorder_Energy,22972320368.0
T1.nii_original_firstorder_Entropy,2.143037301429715
T1.nii_original_firstorder_InterquartileRange,69.0
T1.nii_original_firstorder_Kurtosis,5.51861402995747
T1.nii_original_firstorder_Maximum,930.0
T1.nii_original_firstorder_Mean,731.4850854600796
T1.nii_original_firstorder_MeanAbsoluteDeviation,41.03528806304282
T1.nii_original_firstorder_Median,733.0
T1.nii_original_firstorder_Minimum,315.0
T1.nii_original_firstorder_Range,615.0
T1.nii_original_firstorder_RobustMeanAbsoluteDeviation,28.434026235058298
T1.nii_original_firstorder_RootMeanSquared,733.3944961332596
T1.nii_original_firstorder_Skewness,-0.554601015059202
T1.nii_original_firstorder_TotalEnergy,45241710093.299164
T1.nii_original_firstorder_Uniformity,0.2681079493665001
T1.nii_original_firstorder_Variance,2797.0567080177498
T1.nii_original_glcm_Autocorrelation,84.34475397491082
T1.nii_original_glcm_ClusterProminence,50.84218826755591
T1.nii_original_glcm_ClusterShade,-2.292780447365499
T1.nii_original_glcm_ClusterTendency,3.5711001734635652
T1.nii_original_glcm_Contrast,0.660761764668626
T1.nii_original_glcm_Correlation,0.6803407160949715
T1.nii_original_glcm_DifferenceAverage,0.5143756907474007
T1.nii_original_glcm_DifferenceEntropy,1.1987851075971792
T1.nii_original_glcm_DifferenceVariance,0.36252992877226436
T1.nii_original_glcm_Id,0.7650968427273188
T1.nii_original_glcm_Idm,0.7572338153121696
T1.nii_original_glcm_Idmn,0.9961555565541755
T1.nii_original_glcm_Idn,0.963939110659201
T1.nii_original_glcm_Imc1,-0.2728028027401714
T1.nii_original_glcm_Imc2,0.7694557243559614
T1.nii_original_glcm_InverseVariance,0.40473034142073516
T1.nii_original_glcm_JointAverage,9.144237375969258
T1.nii_original_glcm_JointEnergy,0.12180496043886017
T1.nii_original_glcm_JointEntropy,3.5733496672761045
T1.nii_original_glcm_MCC,0.7128800497547743
T1.nii_original_glcm_MaximumProbability,0.22304850832369005
T1.nii_original_glcm_SumAverage,18.288474751938516
T1.nii_original_glcm_SumEntropy,2.871501617762889
T1.nii_original_glcm_SumSquares,1.057965484533048
T1.nii_original_gldm_DependenceEntropy,6.524344479699454
T1.nii_original_gldm_DependenceNonUniformity,2153.8907515804262
T1.nii_original_gldm_DependenceNonUniformityNormalized,0.050430595916188856
T1.nii_original_gldm_DependenceVariance,34.007142637470366
T1.nii_original_gldm_GrayLevelNonUniformity,11450.890517443222
T1.nii_original_gldm_GrayLevelVariance,1.1984144832636852
T1.nii_original_gldm_HighGrayLevelEmphasis,84.76780613439476
T1.nii_original_gldm_LargeDependenceEmphasis,176.7120112385858
T1.nii_original_gldm_LargeDependenceHighGrayLevelEmphasis,14690.048115195505
T1.nii_original_gldm_LargeDependenceLowGrayLevelEmphasis,2.2171639531632166
T1.nii_original_gldm_LowGrayLevelEmphasis,0.012774530524896669
T1.nii_original_gldm_SmallDependenceEmphasis,0.024894282253759583
T1.nii_original_gldm_SmallDependenceHighGrayLevelEmphasis,2.0969981079862405
T1.nii_original_gldm_SmallDependenceLowGrayLevelEmphasis,0.0004082958967247666
T1.nii_original_glrlm_GrayLevelNonUniformity,6191.654550379759
T1.nii_original_glrlm_GrayLevelNonUniformityNormalized,0.2485604479364591
T1.nii_original_glrlm_GrayLevelVariance,1.4356527081609636
T1.nii_original_glrlm_HighGrayLevelRunEmphasis,85.44978656583963
T1.nii_original_glrlm_LongRunEmphasis,9.74931394329241
T1.nii_original_glrlm_LongRunHighGrayLevelEmphasis,814.6087898412482
T1.nii_original_glrlm_LongRunLowGrayLevelEmphasis,0.12283151789963857
T1.nii_original_glrlm_LowGrayLevelRunEmphasis,0.013009558855447783
T1.nii_original_glrlm_RunEntropy,3.987573629240831
T1.nii_original_glrlm_RunLengthNonUniformity,12583.926128732903
T1.nii_original_glrlm_RunLengthNonUniformityNormalized,0.45194505102419275
T1.nii_original_glrlm_RunPercentage,0.5790032959314158
T1.nii_original_glrlm_RunVariance,4.562688981599307
T1.nii_original_glrlm_ShortRunEmphasis,0.6684563253492798
T1.nii_original_glrlm_ShortRunHighGrayLevelEmphasis,57.46803970678356
T1.nii_original_glrlm_ShortRunLowGrayLevelEmphasis,0.008823670639330945
T1.nii_original_glszm_GrayLevelNonUniformity,104.52367288378767
T1.nii_original_glszm_GrayLevelNonUniformityNormalized,0.1499622279537843
T1.nii_original_glszm_GrayLevelVariance,4.229629339925773
T1.nii_original_glszm_HighGrayLevelZoneEmphasis,80.72309899569584
T1.nii_original_glszm_LargeAreaEmphasis,554100.6628407461
T1.nii_original_glszm_LargeAreaHighGrayLevelEmphasis,47864943.30129125
T1.nii_original_glszm_LargeAreaLowGrayLevelEmphasis,6542.412402644978
T1.nii_original_glszm_LowGrayLevelZoneEmphasis,0.020575152185453353
T1.nii_original_glszm_SizeZoneNonUniformity,138.89670014347203
T1.nii_original_glszm_SizeZoneNonUniformityNormalized,0.19927790551430707
T1.nii_original_glszm_SmallAreaEmphasis,0.45106491413400873
T1.nii_original_glszm_SmallAreaHighGrayLevelEmphasis,37.02726181760937
T1.nii_original_glszm_SmallAreaLowGrayLevelEmphasis,0.009859481247477717
T1.nii_original_glszm_ZoneEntropy,6.006201114890848
T1.nii_original_glszm_ZonePercentage,0.016319363146804027
T1.nii_original_glszm_ZoneVariance,550345.8042440547
T1.nii_original_ngtdm_Busyness,23.139749613134956
T1.nii_original_ngtdm_Coarseness,0.00024527489595267465
T1.nii_original_ngtdm_Complexity,35.33054218210741
T1.nii_original_ngtdm_Contrast,0.0061278422111015985
T1.nii_original_ngtdm_Strength,0.03019844104578171
T1.nii_original_shape_Elongation,0.7289597866365889
T1.nii_original_shape_Flatness,0.5333791073506475
T1.nii_original_shape_LeastAxisLength,46.0419840233995
T1.nii_original_shape_MajorAxisLength,86.32131140661862
T1.nii_original_shape_Maximum2DDiameterColumn,82.51707530118588
T1.nii_original_shape_Maximum2DDiameterRow,99.25159615743866
T1.nii_original_shape_Maximum2DDiameterSlice,96.3590666952931
T1.nii_original_shape_Maximum3DDiameter,102.17844895215859
T1.nii_original_shape_MeshVolume,83111.92135278069
T1.nii_original_shape_MinorAxisLength,62.92476474515925
T1.nii_original_shape_Sphericity,0.25674860701044344
T1.nii_original_shape_SurfaceArea,35871.668431924154
T1.nii_original_shape_SurfaceVolumeRatio,0.4316067761165287
T1.nii_original_shape_VoxelVolume,84113.11557261874
T1.nii_wavelet-HHH_firstorder_10Percentile,-4.707596429805061
T1.nii_wavelet-HHH_firstorder_90Percentile,4.664603495519696
T1.nii_wavelet-HHH_firstorder_Energy,637966.2610052426
T1.nii_wavelet-HHH_firstorder_Entropy,0.9999998086049142
T1.nii_wavelet-HHH_firstorder_InterquartileRange,4.804198973488694
T1.nii_wavelet-HHH_firstorder_Kurtosis,4.295888295229583
T1.nii_wavelet-HHH_firstorder_Maximum,27.34871941639264
T1.nii_wavelet-HHH_firstorder_Mean,-0.003481091353421662
T1.nii_wavelet-HHH_firstorder_MeanAbsoluteDeviation,2.9743029966720584
T1.nii_wavelet-HHH_firstorder_Median,0.0026076051352125085
T1.nii_wavelet-HHH_firstorder_Minimum,-23.41324497199396
T1.nii_wavelet-HHH_firstorder_Range,50.7619643883866
T1.nii_wavelet-HHH_firstorder_RobustMeanAbsoluteDeviation,2.0004580995329664
T1.nii_wavelet-HHH_firstorder_RootMeanSquared,3.864862699429612
T1.nii_wavelet-HHH_firstorder_Skewness,0.009525307133497083
T1.nii_wavelet-HHH_firstorder_TotalEnergy,1256411.3754007358
T1.nii_wavelet-HHH_firstorder_Uniformity,0.5000001326649577
T1.nii_wavelet-HHH_firstorder_Variance,14.937151567445337
T1.nii_wavelet-HHH_glcm_Autocorrelation,2.2474643381826542
T1.nii_wavelet-HHH_glcm_ClusterProminence,0.48830135245389295
T1.nii_wavelet-HHH_glcm_ClusterShade,-0.0010023170316538382
T1.nii_wavelet-HHH_glcm_ClusterTendency,0.48830186973831435
T1.nii_wavelet-HHH_glcm_Contrast,0.5116908007651388
T1.nii_wavelet-HHH_glcm_Correlation,-0.023389103456294243
T1.nii_wavelet-HHH_glcm_DifferenceAverage,0.5116908007651388
T1.nii_wavelet-HHH_glcm_DifferenceEntropy,0.9922597578953365
T1.nii_wavelet-HHH_glcm_DifferenceVariance,0.24736275696653193
T1.nii_wavelet-HHH_glcm_Id,0.7441545996174306
T1.nii_wavelet-HHH_glcm_Idm,0.7441545996174306
T1.nii_wavelet-HHH_glcm_Idmn,0.8976618398469723
T1.nii_wavelet-HHH_glcm_Idn,0.8294363997449536
T1.nii_wavelet-HHH_glcm_Imc1,-0.007740616960440302
T1.nii_wavelet-HHH_glcm_Imc2,0.06534237436676242
T1.nii_wavelet-HHH_glcm_InverseVariance,0.5116908007651388
T1.nii_wavelet-HHH_glcm_JointAverage,1.5011032461884082
T1.nii_wavelet-HHH_glcm_JointEnergy,0.2526409077817414
T1.nii_wavelet-HHH_glcm_JointEntropy,1.9922488344662206
T1.nii_wavelet-HHH_glcm_MCC,0.055259266641620175
T1.nii_wavelet-HHH_glcm_MaximumProbability,0.2642921527433733
T1.nii_wavelet-HHH_glcm_SumAverage,3.0022064923768164
T1.nii_wavelet-HHH_glcm_SumEntropy,1.4805580337010822
T1.nii_wavelet-HHH_glcm_SumSquares,0.24999816762586333
T1.nii_wavelet-HHH_gldm_DependenceEntropy,4.716235800630429
T1.nii_wavelet-HHH_gldm_DependenceNonUniformity,3636.286537110747
T1.nii_wavelet-HHH_gldm_DependenceNonUniformityNormalized,0.08513899642029377
T1.nii_wavelet-HHH_gldm_DependenceVariance,10.769008821178108
T1.nii_wavelet-HHH_gldm_GrayLevelNonUniformity,21355.005666120345
T1.nii_wavelet-HHH_gldm_GrayLevelVariance,0.2499999336675211
T1.nii_wavelet-HHH_gldm_HighGrayLevelEmphasis,2.500772652774526
T1.nii_wavelet-HHH_gldm_LargeDependenceEmphasis,117.61905876843831
T1.nii_wavelet-HHH_gldm_LargeDependenceHighGrayLevelEmphasis,295.4620931866074
T1.nii_wavelet-HHH_gldm_LargeDependenceLowGrayLevelEmphasis,73.15830016389604
T1.nii_wavelet-HHH_gldm_LowGrayLevelEmphasis,0.6248068368063685
T1.nii_wavelet-HHH_gldm_SmallDependenceEmphasis,0.017600070604872307
T1.nii_wavelet-HHH_gldm_SmallDependenceHighGrayLevelEmphasis,0.04371339776279324
T1.nii_wavelet-HHH_gldm_SmallDependenceLowGrayLevelEmphasis,0.011071738815392078
T1.nii_wavelet-HHH_glrlm_GrayLevelNonUniformity,13686.287609354775
T1.nii_wavelet-HHH_glrlm_GrayLevelNonUniformityNormalized,0.5000019486223951
T1.nii_wavelet-HHH_glrlm_GrayLevelVariance,0.24999902568880247
T1.nii_wavelet-HHH_glrlm_HighGrayLevelRunEmphasis,2.49789055450249
T1.nii_wavelet-HHH_glrlm_LongRunEmphasis,3.576669936857311
T1.nii_wavelet-HHH_glrlm_LongRunHighGrayLevelEmphasis,8.958331873798588
T1.nii_wavelet-HHH_glrlm_LongRunLowGrayLevelEmphasis,2.2312544526219917
T1.nii_wavelet-HHH_glrlm_LowGrayLevelRunEmphasis,0.6255273613743775
T1.nii_wavelet-HHH_glrlm_RunEntropy,2.399804934842459
T1.nii_wavelet-HHH_glrlm_RunLengthNonUniformity,13974.591050171697
T1.nii_wavelet-HHH_glrlm_RunLengthNonUniformityNormalized,0.5031624376792273
T1.nii_wavelet-HHH_glrlm_RunPercentage,0.6408911622210616
T1.nii_wavelet-HHH_glrlm_RunVariance,0.9845862093768865
T1.nii_wavelet-HHH_glrlm_ShortRunEmphasis,0.6986662384906754
T1.nii_wavelet-HHH_glrlm_ShortRunHighGrayLevelEmphasis,1.7432782395330588
T1.nii_wavelet-HHH_glrlm_ShortRunLowGrayLevelEmphasis,0.43751323823007965
T1.nii_wavelet-HHH_glszm_GrayLevelNonUniformity,83.19277108433735
T1.nii_wavelet-HHH_glszm_GrayLevelNonUniformityNormalized,0.5011612715923937
T1.nii_wavelet-HHH_glszm_GrayLevelVariance,0.24941936420380312
T1.nii_wavelet-HHH_glszm_HighGrayLevelZoneEmphasis,2.427710843373494
T1.nii_wavelet-HHH_glszm_LargeAreaEmphasis,5293175.891566265
T1.nii_wavelet-HHH_glszm_LargeAreaHighGrayLevelEmphasis,13239014.855421687
T1.nii_wavelet-HHH_glszm_LargeAreaLowGrayLevelEmphasis,3306716.1506024096
T1.nii_wavelet-HHH_glszm_LowGrayLevelZoneEmphasis,0.6430722891566265
T1.nii_wavelet-HHH_glszm_SizeZoneNonUniformity,50.144578313253014
T1.nii_wavelet-HHH_glszm_SizeZoneNonUniformityNormalized,0.3020757729714037
T1.nii_wavelet-HHH_glszm_SmallAreaEmphasis,0.5666078602902139
T1.nii_wavelet-HHH_glszm_SmallAreaHighGrayLevelEmphasis,1.3204553112162205
T1.nii_wavelet-HHH_glszm_SmallAreaLowGrayLevelEmphasis,0.3781459975587122
T1.nii_wavelet-HHH_glszm_ZoneEntropy,3.491668377246698
T1.nii_wavelet-HHH_glszm_ZonePercentage,0.0038866775930695386
T1.nii_wavelet-HHH_glszm_ZoneVariance,5226978.181448687
T1.nii_wavelet-HHH_ngtdm_Busyness,10777.786517642222
T1.nii_wavelet-HHH_ngtdm_Coarseness,9.264027238815314e-05
T1.nii_wavelet-HHH_ngtdm_Complexity,0.505476070754129
T1.nii_wavelet-HHH_ngtdm_Contrast,0.12636900039925889
T1.nii_wavelet-HHH_ngtdm_Strength,9.264026048256527e-05
T1.nii_wavelet-HHL_firstorder_10Percentile,-5.036735125278371
T1.nii_wavelet-HHL_firstorder_90Percentile,5.0467338035119855
T1.nii_wavelet-HHL_firstorder_Energy,723318.8885683311
T1.nii_wavelet-HHL_firstorder_Entropy,0.9999941141979429
T1.nii_wavelet-HHL_firstorder_InterquartileRange,5.0952448548219795
T1.nii_wavelet-HHL_firstorder_Kurtosis,4.085653340856882
T1.nii_wavelet-HHL_firstorder_Maximum,24.858380005810346
T1.nii_wavelet-HHL_firstorder_Mean,0.00208567433892876
T1.nii_wavelet-HHL_firstorder_MeanAbsoluteDeviation,3.169590333345985
T1.nii_wavelet-HHL_firstorder_Median,-0.00949087684517129
T1.nii_wavelet-HHL_firstorder_Minimum,-23.116032047320186
T1.nii_wavelet-HHL_firstorder_Range,47.974412053130536
T1.nii_wavelet-HHL_firstorder_RobustMeanAbsoluteDeviation,2.1299499031122595
T1.nii_wavelet-HHL_firstorder_RootMeanSquared,4.115286897172435
T1.nii_wavelet-HHL_firstorder_Skewness,0.030534243076343073
T1.nii_wavelet-HHL_firstorder_TotalEnergy,1424504.9232031414
T1.nii_wavelet-HHL_firstorder_Uniformity,0.5000040797215528
T1.nii_wavelet-HHL_firstorder_Variance,16.935581896001676
T1.nii_wavelet-HHL_glcm_Autocorrelation,2.256513265002918
T1.nii_wavelet-HHL_glcm_ClusterProminence,0.5256600573557499
T1.nii_wavelet-HHL_glcm_ClusterShade,0.002446645645731863
T1.nii_wavelet-HHL_glcm_ClusterTendency,0.5256570751893446
T1.nii_wavelet-HHL_glcm_Contrast,0.47432466520348887
T1.nii_wavelet-HHL_glcm_Correlation,0.05133340406079155
T1.nii_wavelet-HHL_glcm_DifferenceAverage,0.47432466520348887
T1.nii_wavelet-HHL_glcm_DifferenceEntropy,0.9902266485854957
T1.nii_wavelet-HHL_glcm_DifferenceVariance,0.24668515203429003
T1.nii_wavelet-HHL_glcm_Id,0.7628376673982555
T1.nii_wavelet-HHL_glcm_Idm,0.7628376673982555
T1.nii_wavelet-HHL_glcm_Idmn,0.9051350669593022
T1.nii_wavelet-HHL_glcm_Idn,0.8418917782655038
T1.nii_wavelet-HHL_glcm_Imc1,-0.009772330915549623
T1.nii_wavelet-HHL_glcm_Imc2,0.07195135665556335
T1.nii_wavelet-HHL_glcm_InverseVariance,0.47432466520348887
T1.nii_wavelet-HHL_glcm_JointAverage,1.4978918658682203
T1.nii_wavelet-HHL_glcm_JointEnergy,0.25332397776929316
T1.nii_wavelet-HHL_glcm_JointEntropy,1.9902014623533886
T1.nii_wavelet-HHL_glcm_MCC,0.0611034472525226
T1.nii_wavelet-HHL_glcm_MaximumProbability,0.26693188246484956
T1.nii_wavelet-HHL_glcm_SumAverage,2.9957837317364406
T1.nii_wavelet-HHL_glcm_SumEntropy,1.5158767971499003
T1.nii_wavelet-HHL_glcm_SumSquares,0.24999543509820843
T1.nii_wavelet-HHL_gldm_DependenceEntropy,4.900088397108001
T1.nii_wavelet-HHL_gldm_DependenceNonUniformity,3203.4998829313977
T1.nii_wavelet-HHL_gldm_DependenceNonUniformityNormalized,0.07500585068909853
T1.nii_wavelet-HHL_gldm_DependenceVariance,13.746820758294257
T1.nii_wavelet-HHL_gldm_GrayLevelNonUniformity,21355.174244907517
T1.nii_wavelet-HHL_gldm_GrayLevelVariance,0.24999796013922365
T1.nii_wavelet-HHL_gldm_HighGrayLevelEmphasis,2.4957152891594476
T1.nii_wavelet-HHL_gldm_LargeDependenceEmphasis,133.9856708030906
T1.nii_wavelet-HHL_gldm_LargeDependenceHighGrayLevelEmphasis,332.39812690236477
T1.nii_wavelet-HHL_gldm_LargeDependenceLowGrayLevelEmphasis,84.38255677827206
T1.nii_wavelet-HHL_gldm_LowGrayLevelEmphasis,0.6260711777101381
T1.nii_wavelet-HHL_gldm_SmallDependenceEmphasis,0.016680641946262512
T1.nii_wavelet-HHL_gldm_SmallDependenceHighGrayLevelEmphasis,0.04186297422461151
T1.nii_wavelet-HHL_gldm_SmallDependenceLowGrayLevelEmphasis,0.010385058876675263
T1.nii_wavelet-HHL_glrlm_GrayLevelNonUniformity,13170.020124447268
T1.nii_wavelet-HHL_glrlm_GrayLevelNonUniformityNormalized,0.5000008433666077
T1.nii_wavelet-HHL_glrlm_GrayLevelVariance,0.24999957831669614
T1.nii_wavelet-HHL_glrlm_HighGrayLevelRunEmphasis,2.5006706479049012
T1.nii_wavelet-HHL_glrlm_LongRunEmphasis,3.8641951881826624
T1.nii_wavelet-HHL_glrlm_LongRunHighGrayLevelEmphasis,9.604106597473871
T1.nii_wavelet-HHL_glrlm_LongRunLowGrayLevelEmphasis,2.4292173358598594
T1.nii_wavelet-HHL_glrlm_LowGrayLevelRunEmphasis,0.6248323380237747
T1.nii_wavelet-HHL_glrlm_RunEntropy,2.489658745512892
T1.nii_wavelet-HHL_glrlm_RunLengthNonUniformity,12658.13762964411
T1.nii_wavelet-HHL_glrlm_RunLengthNonUniformityNormalized,0.475049991842912
T1.nii_wavelet-HHL_glrlm_RunPercentage,0.616717396394287
T1.nii_wavelet-HHL_glrlm_RunVariance,1.102307179320211
T1.nii_wavelet-HHL_glrlm_ShortRunEmphasis,0.6776918553532428
T1.nii_wavelet-HHL_glrlm_ShortRunHighGrayLevelEmphasis,1.6959341844536637
T1.nii_wavelet-HHL_glrlm_ShortRunLowGrayLevelEmphasis,0.42313127307813736
T1.nii_wavelet-HHL_glszm_GrayLevelNonUniformity,86.5028901734104
T1.nii_wavelet-HHL_glszm_GrayLevelNonUniformityNormalized,0.5000167062046844
T1.nii_wavelet-HHL_glszm_GrayLevelVariance,0.2499916468976578
T1.nii_wavelet-HHL_glszm_HighGrayLevelZoneEmphasis,2.491329479768786
T1.nii_wavelet-HHL_glszm_LargeAreaEmphasis,5056622.38150289
T1.nii_wavelet-HHL_glszm_LargeAreaHighGrayLevelEmphasis,12688791.768786127
T1.nii_wavelet-HHL_glszm_LargeAreaLowGrayLevelEmphasis,3148580.034682081
T1.nii_wavelet-HHL_glszm_LowGrayLevelZoneEmphasis,0.6271676300578035
T1.nii_wavelet-HHL_glszm_SizeZoneNonUniformity,36.84971098265896
T1.nii_wavelet-HHL_glszm_SizeZoneNonUniformityNormalized,0.21300410972635236
T1.nii_wavelet-HHL_glszm_SmallAreaEmphasis,0.45842938996034927
T1.nii_wavelet-HHL_glszm_SmallAreaHighGrayLevelEmphasis,1.1621631712371014
T1.nii_wavelet-HHL_glszm_SmallAreaLowGrayLevelEmphasis,0.2824959446411613
T1.nii_wavelet-HHL_glszm_ZoneEntropy,3.8759605856345796
T1.nii_wavelet-HHL_glszm_ZonePercentage,0.004050573636150784
T1.nii_wavelet-HHL_glszm_ZoneVariance,4995673.332085936
T1.nii_wavelet-HHL_ngtdm_Busyness,10243.519461539841
T1.nii_wavelet-HHL_ngtdm_Coarseness,9.846649827637639e-05
T1.nii_wavelet-HHL_ngtdm_Complexity,0.47556724063569655
T1.nii_wavelet-HHL_ngtdm_Contrast,0.11889071258308287
T1.nii_wavelet-HHL_ngtdm_Strength,9.846660386065209e-05
T1.nii_wavelet-HLH_firstorder_10Percentile,-11.058515957804337
T1.nii_wavelet-HLH_firstorder_90Percentile,11.499421230629197
T1.nii_wavelet-HLH_firstorder_Energy,4128578.4554686067
T1.nii_wavelet-HLH_firstorder_Entropy,1.0170830300418046
T1.nii_wavelet-HLH_firstorder_InterquartileRange,11.449511546331372
T1.nii_wavelet-HLH_firstorder_Kurtosis,10.057986579575685
T1.nii_wavelet-HLH_firstorder_Maximum,96.51164784137048
T1.nii_wavelet-HLH_firstorder_Mean,0.2006744521106499
T1.nii_wavelet-HLH_firstorder_MeanAbsoluteDeviation,7.269976866565199
T1.nii_wavelet-HLH_firstorder_Median,0.1280554174607613
T1.nii_wavelet-HLH_firstorder_Minimum,-130.9004522573033
T1.nii_wavelet-HLH_firstorder_Range,227.41210009867376
T1.nii_wavelet-HLH_firstorder_RobustMeanAbsoluteDeviation,4.777213840447233
T1.nii_wavelet-HLH_firstorder_RootMeanSquared,9.831855459255063
T1.nii_wavelet-HLH_firstorder_Skewness,-0.25467106983686244
T1.nii_wavelet-HLH_firstorder_TotalEnergy,8130826.428832936
T1.nii_wavelet-HLH_firstorder_Uniformity,0.4985344732359686
T1.nii_wavelet-HLH_firstorder_Variance,96.62511153595369
T1.nii_wavelet-HLH_glcm_Autocorrelation,12.259869616007704
T1.nii_wavelet-HLH_glcm_ClusterProminence,0.5257137525596485
T1.nii_wavelet-HLH_glcm_ClusterShade,-0.004483525048782509
T1.nii_wavelet-HLH_glcm_ClusterTendency,0.4979587775770563
T1.nii_wavelet-HLH_glcm_Contrast,0.5085429179896906
T1.nii_wavelet-HLH_glcm_Correlation,-0.010982655753975102
T1.nii_wavelet-HLH_glcm_DifferenceAverage,0.5069367673725008
T1.nii_wavelet-HLH_glcm_DifferenceEntropy,0.976891657641317
T1.nii_wavelet-HLH_glcm_DifferenceVariance,0.2414650490248357
T1.nii_wavelet-HLH_glcm_Id,0.7467721083484749
T1.nii_wavelet-HLH_glcm_Idm,0.7466922313754687
T1.nii_wavelet-HLH_glcm_Idmn,0.9804571048475412
T1.nii_wavelet-HLH_glcm_Idn,0.9155468376144112
T1.nii_wavelet-HLH_glcm_Imc1,-0.032311781967552675
T1.nii_wavelet-HLH_glcm_Imc2,0.18930119965213604
T1.nii_wavelet-HLH_glcm_InverseVariance,0.5057882719667443
T1.nii_wavelet-HLH_glcm_JointAverage,3.501785781261987
T1.nii_wavelet-HLH_glcm_JointEnergy,0.2594726735481369
T1.nii_wavelet-HLH_glcm_JointEntropy,1.9853076874601157
T1.nii_wavelet-HLH_glcm_MCC,0.381343255578248
T1.nii_wavelet-HLH_glcm_MaximumProbability,0.2881729261745893
T1.nii_wavelet-HLH_glcm_SumAverage,7.003571562523975
T1.nii_wavelet-HLH_glcm_SumEntropy,1.4724452558424304
T1.nii_wavelet-HLH_glcm_SumSquares,0.25162542389168674
T1.nii_wavelet-HLH_gldm_DependenceEntropy,4.848604136324598
T1.nii_wavelet-HLH_gldm_DependenceNonUniformity,3359.6542730039805
T1.nii_wavelet-HLH_gldm_DependenceNonUniformityNormalized,0.07866200592376446
T1.nii_wavelet-HLH_gldm_DependenceVariance,12.230013001714065
T1.nii_wavelet-HLH_gldm_GrayLevelNonUniformity,21292.40735190822
T1.nii_wavelet-HLH_gldm_GrayLevelVariance,0.253617172568768
T1.nii_wavelet-HLH_gldm_HighGrayLevelEmphasis,12.545282135331304
T1.nii_wavelet-HLH_gldm_LargeDependenceEmphasis,125.61685787871693
T1.nii_wavelet-HLH_gldm_LargeDependenceHighGrayLevelEmphasis,1571.330484664013
T1.nii_wavelet-HLH_gldm_LargeDependenceLowGrayLevelEmphasis,10.898245883087489
T1.nii_wavelet-HLH_gldm_LowGrayLevelEmphasis,0.08670792684513125
T1.nii_wavelet-HLH_gldm_SmallDependenceEmphasis,0.016858861674393395
T1.nii_wavelet-HLH_gldm_SmallDependenceHighGrayLevelEmphasis,0.20883750713649563
T1.nii_wavelet-HLH_gldm_SmallDependenceLowGrayLevelEmphasis,0.0015296393511527707
T1.nii_wavelet-HLH_glrlm_GrayLevelNonUniformity,13373.086285457768
T1.nii_wavelet-HLH_glrlm_GrayLevelNonUniformityNormalized,0.49776250025189034
T1.nii_wavelet-HLH_glrlm_GrayLevelVariance,0.25554064290588013
T1.nii_wavelet-HLH_glrlm_HighGrayLevelRunEmphasis,12.54695367049318
T1.nii_wavelet-HLH_glrlm_LongRunEmphasis,4.64537378635425
T1.nii_wavelet-HLH_glrlm_LongRunHighGrayLevelEmphasis,58.305714593774574
T1.nii_wavelet-HLH_glrlm_LongRunLowGrayLevelEmphasis,0.40205019067192865
T1.nii_wavelet-HLH_glrlm_LowGrayLevelRunEmphasis,0.08681565791126283
T1.nii_wavelet-HLH_glrlm_RunEntropy,2.5362004714724122
T1.nii_wavelet-HLH_glrlm_RunLengthNonUniformity,13518.585862564682
T1.nii_wavelet-HLH_glrlm_RunLengthNonUniformityNormalized,0.473165062273012
T1.nii_wavelet-HLH_glrlm_RunPercentage,0.6289105415773644
T1.nii_wavelet-HLH_glrlm_RunVariance,1.336423456006918
T1.nii_wavelet-HLH_glrlm_ShortRunEmphasis,0.6722706982876405
T1.nii_wavelet-HLH_glrlm_ShortRunHighGrayLevelEmphasis,8.442477520448207
T1.nii_wavelet-HLH_glrlm_ShortRunLowGrayLevelEmphasis,0.05839850249862737
T1.nii_wavelet-HLH_glszm_GrayLevelNonUniformity,82.04950495049505
T1.nii_wavelet-HLH_glszm_GrayLevelNonUniformityNormalized,0.40618566807175766
T1.nii_wavelet-HLH_glszm_GrayLevelVariance,0.47681599843152633
T1.nii_wavelet-HLH_glszm_HighGrayLevelZoneEmphasis,12.009900990099009
T1.nii_wavelet-HLH_glszm_LargeAreaEmphasis,4251492.900990099
T1.nii_wavelet-HLH_glszm_LargeAreaHighGrayLevelEmphasis,53588675.767326735
T1.nii_wavelet-HLH_glszm_LargeAreaLowGrayLevelEmphasis,365963.0932315731
T1.nii_wavelet-HLH_glszm_LowGrayLevelZoneEmphasis,0.10294004400440045
T1.nii_wavelet-HLH_glszm_SizeZoneNonUniformity,40.306930693069305
T1.nii_wavelet-HLH_glszm_SizeZoneNonUniformityNormalized,0.19953926085677876
T1.nii_wavelet-HLH_glszm_SmallAreaEmphasis,0.43969301684181833
T1.nii_wavelet-HLH_glszm_SmallAreaHighGrayLevelEmphasis,5.167051281458422
T1.nii_wavelet-HLH_glszm_SmallAreaLowGrayLevelEmphasis,0.04624535466251851
T1.nii_wavelet-HLH_glszm_ZoneEntropy,4.448391537341603
T1.nii_wavelet-HLH_glszm_ZonePercentage,0.004729571528915945
T1.nii_wavelet-HLH_glszm_ZoneVariance,4206787.869620625
T1.nii_wavelet-HLH_ngtdm_Busyness,463.68309667184315
T1.nii_wavelet-HLH_ngtdm_Coarseness,9.765642723823587e-05
T1.nii_wavelet-HLH_ngtdm_Complexity,5.7717262570613945
T1.nii_wavelet-HLH_ngtdm_Contrast,0.012225267028452108
T1.nii_wavelet-HLH_ngtdm_Strength,0.001218976047828453
T1.nii_wavelet-HLL_firstorder_10Percentile,-12.749456752403574
T1.nii_wavelet-HLL_firstorder_90Percentile,12.983613555813676
T1.nii_wavelet-HLL_firstorder_Energy,4954876.383209577
T1.nii_wavelet-HLL_firstorder_Entropy,1.011030196309773
T1.nii_wavelet-HLL_firstorder_InterquartileRange,12.928673309048676
T1.nii_wavelet-HLL_firstorder_Kurtosis,5.2638573985309085
T1.nii_wavelet-HLL_firstorder_Maximum,69.69395061378295
T1.nii_wavelet-HLL_firstorder_Mean,0.16147420200056117
T1.nii_wavelet-HLL_firstorder_MeanAbsoluteDeviation,8.160934504660478
T1.nii_wavelet-HLL_firstorder_Median,0.25592486123497127
T1.nii_wavelet-HLL_firstorder_Minimum,-108.9142524762083
T1.nii_wavelet-HLL_firstorder_Range,178.60820308999126
T1.nii_wavelet-HLL_firstorder_RobustMeanAbsoluteDeviation,5.392955166382999
T1.nii_wavelet-HLL_firstorder_RootMeanSquared,10.770890884792633
T1.nii_wavelet-HLL_firstorder_Skewness,-0.2031436807549044
T1.nii_wavelet-HLL_firstorder_TotalEnergy,9758138.372019347
T1.nii_wavelet-HLL_firstorder_Uniformity,0.4992329816487634
T1.nii_wavelet-HLL_firstorder_Variance,115.98601653419729
T1.nii_wavelet-HLL_glcm_Autocorrelation,12.405611568265538
T1.nii_wavelet-HLL_glcm_ClusterProminence,0.6115091418287768
T1.nii_wavelet-HLL_glcm_ClusterShade,-0.029797132739195556
T1.nii_wavelet-HLL_glcm_ClusterTendency,0.5917626124535879
T1.nii_wavelet-HLL_glcm_Contrast,0.4115130030411368
T1.nii_wavelet-HLL_glcm_Correlation,0.1795660918671812
T1.nii_wavelet-HLL_glcm_DifferenceAverage,0.41110164237023816
T1.nii_wavelet-HLL_glcm_DifferenceEntropy,0.9642450058858943
T1.nii_wavelet-HLL_glcm_DifferenceVariance,0.23760436963373818
T1.nii_wavelet-HLL_glcm_Id,0.7945167674322785
T1.nii_wavelet-HLL_glcm_Idm,0.7944903148819707
T1.nii_wavelet-HLL_glcm_Idmn,0.9841759812007731
T1.nii_wavelet-HLL_glcm_Idn,0.9314927845141898
T1.nii_wavelet-HLL_glcm_Imc1,-0.03929087001600437
T1.nii_wavelet-HLL_glcm_Imc2,0.21363067382969347
T1.nii_wavelet-HLL_glcm_InverseVariance,0.4107508770082691
T1.nii_wavelet-HLL_glcm_JointAverage,3.5157567533096534
T1.nii_wavelet-HLL_glcm_JointEnergy,0.26296961833075405
T1.nii_wavelet-HLL_glcm_JointEntropy,1.971332104020302
T1.nii_wavelet-HLL_glcm_MCC,0.30911938205152806
T1.nii_wavelet-HLL_glcm_MaximumProbability,0.3108525337175261
T1.nii_wavelet-HLL_glcm_SumAverage,7.031513506619307
T1.nii_wavelet-HLL_glcm_SumEntropy,1.5580714362390502
T1.nii_wavelet-HLL_glcm_SumSquares,0.2508189038736811
T1.nii_wavelet-HLL_gldm_DependenceEntropy,5.207771849361379
T1.nii_wavelet-HLL_gldm_DependenceNonUniformity,2592.0604073987356
T1.nii_wavelet-HLL_gldm_DependenceNonUniformityNormalized,0.060689777742887745
T1.nii_wavelet-HLL_gldm_DependenceVariance,20.417226454861765
T1.nii_wavelet-HLL_gldm_GrayLevelNonUniformity,21322.240646218685
T1.nii_wavelet-HLL_gldm_GrayLevelVariance,0.2521037257966627
T1.nii_wavelet-HLL_gldm_HighGrayLevelEmphasis,12.57120112385858
T1.nii_wavelet-HLL_gldm_LargeDependenceEmphasis,170.76122687895108
T1.nii_wavelet-HLL_gldm_LargeDependenceHighGrayLevelEmphasis,2181.1238117536877
T1.nii_wavelet-HLL_gldm_LargeDependenceLowGrayLevelEmphasis,14.501277491610086
T1.nii_wavelet-HLL_gldm_LowGrayLevelEmphasis,0.08643960560888682
T1.nii_wavelet-HLL_gldm_SmallDependenceEmphasis,0.015342262781176912
T1.nii_wavelet-HLL_gldm_SmallDependenceHighGrayLevelEmphasis,0.19026687296302783
T1.nii_wavelet-HLL_gldm_SmallDependenceLowGrayLevelEmphasis,0.0013814652927227806
T1.nii_wavelet-HLL_glrlm_GrayLevelNonUniformity,12066.656636620939
T1.nii_wavelet-HLL_glrlm_GrayLevelNonUniformityNormalized,0.49835558349272924
T1.nii_wavelet-HLL_glrlm_GrayLevelVariance,0.253637438149638
T1.nii_wavelet-HLL_glrlm_HighGrayLevelRunEmphasis,12.478788972819311
T1.nii_wavelet-HLL_glrlm_LongRunEmphasis,5.486324596130367
T1.nii_wavelet-HLL_glrlm_LongRunHighGrayLevelEmphasis,69.66149956101785
T1.nii_wavelet-HLL_glrlm_LongRunLowGrayLevelEmphasis,0.4690300265260285
T1.nii_wavelet-HLL_glrlm_LowGrayLevelRunEmphasis,0.08716626110207387
T1.nii_wavelet-HLL_glrlm_RunEntropy,2.756083693943213
T1.nii_wavelet-HLL_glrlm_RunLengthNonUniformity,10220.254662133204
T1.nii_wavelet-HLL_glrlm_RunLengthNonUniformityNormalized,0.40283768536560943
T1.nii_wavelet-HLL_glrlm_RunPercentage,0.5668659834663112
T1.nii_wavelet-HLL_glrlm_RunVariance,1.6751606911035024
T1.nii_wavelet-HLL_glrlm_ShortRunEmphasis,0.6179491020868841
T1.nii_wavelet-HLL_glrlm_ShortRunHighGrayLevelEmphasis,7.659070423797053
T1.nii_wavelet-HLL_glrlm_ShortRunLowGrayLevelEmphasis,0.05429031790741616
T1.nii_wavelet-HLL_glszm_GrayLevelNonUniformity,93.15315315315316
T1.nii_wavelet-HLL_glszm_GrayLevelNonUniformityNormalized,0.4196087979871764
T1.nii_wavelet-HLL_glszm_GrayLevelVariance,0.44720396071747426
T1.nii_wavelet-HLL_glszm_HighGrayLevelZoneEmphasis,12.477477477477477
T1.nii_wavelet-HLL_glszm_LargeAreaEmphasis,3852202.585585586
T1.nii_wavelet-HLL_glszm_LargeAreaHighGrayLevelEmphasis,48691639.30630631
T1.nii_wavelet-HLL_glszm_LargeAreaLowGrayLevelEmphasis,330648.91534784785
T1.nii_wavelet-HLL_glszm_LowGrayLevelZoneEmphasis,0.09789664664664664
T1.nii_wavelet-HLL_glszm_SizeZoneNonUniformity,49.45945945945946
T1.nii_wavelet-HLL_glszm_SizeZoneNonUniformityNormalized,0.22279035792549307
T1.nii_wavelet-HLL_glszm_SmallAreaEmphasis,0.4762016606784896
T1.nii_wavelet-HLL_glszm_SmallAreaHighGrayLevelEmphasis,6.018425281494226
T1.nii_wavelet-HLL_glszm_SmallAreaLowGrayLevelEmphasis,0.04644160832351553
T1.nii_wavelet-HLL_glszm_ZoneEntropy,4.327741248331748
T1.nii_wavelet-HLL_glszm_ZonePercentage,0.005197845937719504
T1.nii_wavelet-HLL_glszm_ZoneVariance,3815189.6787598403
T1.nii_wavelet-HLL_ngtdm_Busyness,387.03076054732634
T1.nii_wavelet-HLL_ngtdm_Coarseness,0.00011642477036505921
T1.nii_wavelet-HLL_ngtdm_Complexity,4.833760691155203
T1.nii_wavelet-HLL_ngtdm_Contrast,0.010174781267052433
T1.nii_wavelet-HLL_ngtdm_Strength,0.0014573178513198773
T1.nii_wavelet-LHH_firstorder_10Percentile,-12.061465996783697
T1.nii_wavelet-LHH_firstorder_90Percentile,12.34277395374036
T1.nii_wavelet-LHH_firstorder_Energy,4414619.274875544
T1.nii_wavelet-LHH_firstorder_Entropy,1.0092252813886382
T1.nii_wavelet-LHH_firstorder_InterquartileRange,12.377228149795593
T1.nii_wavelet-LHH_firstorder_Kurtosis,4.898015875475804
T1.nii_wavelet-LHH_firstorder_Maximum,83.60421944869354
T1.nii_wavelet-LHH_firstorder_Mean,0.08796878899521048
T1.nii_wavelet-LHH_firstorder_MeanAbsoluteDeviation,7.753468943744554
T1.nii_wavelet-LHH_firstorder_Median,0.0640122542247864
T1.nii_wavelet-LHH_firstorder_Minimum,-69.42145447264203
T1.nii_wavelet-LHH_firstorder_Range,153.02567392133557
T1.nii_wavelet-LHH_firstorder_RobustMeanAbsoluteDeviation,5.170987350604441
T1.nii_wavelet-LHH_firstorder_RootMeanSquared,10.16674291756003
T1.nii_wavelet-LHH_firstorder_Skewness,-0.01764926597529158
T1.nii_wavelet-LHH_firstorder_TotalEnergy,8694155.496996418
T1.nii_wavelet-LHH_firstorder_Uniformity,0.4992169401529188
T1.nii_wavelet-LHH_firstorder_Variance,103.35492304391975
T1.nii_wavelet-LHH_glcm_Autocorrelation,6.252953762414365
T1.nii_wavelet-LHH_glcm_ClusterProminence,0.501131582927498
T1.nii_wavelet-LHH_glcm_ClusterShade,-0.0027513236876638473
T1.nii_wavelet-LHH_glcm_ClusterTendency,0.4941210780326924
T1.nii_wavelet-LHH_glcm_Contrast,0.50916200282428
T1.nii_wavelet-LHH_glcm_Correlation,-0.015118744082652782
T1.nii_wavelet-LHH_glcm_DifferenceAverage,0.5083362538782725
T1.nii_wavelet-LHH_glcm_DifferenceEntropy,0.9776416292686375
T1.nii_wavelet-LHH_glcm_DifferenceVariance,0.24168281294439195
T1.nii_wavelet-LHH_glcm_Id,0.7459694978851984
T1.nii_wavelet-LHH_glcm_Idm,0.7459144479554645
T1.nii_wavelet-LHH_glcm_Idmn,0.9700638659917367
T1.nii_wavelet-LHH_glcm_Idn,0.8983602741892126
T1.nii_wavelet-LHH_glcm_Imc1,-0.027663710021607082
T1.nii_wavelet-LHH_glcm_Imc2,0.13713607190328503
T1.nii_wavelet-LHH_glcm_InverseVariance,0.5076137235505161
T1.nii_wavelet-LHH_glcm_JointAverage,2.501341811967829
T1.nii_wavelet-LHH_glcm_JointEnergy,0.25871989221072206
T1.nii_wavelet-LHH_glcm_JointEntropy,1.9822703293340287
T1.nii_wavelet-LHH_glcm_MCC,0.16885826156354686
T1.nii_wavelet-LHH_glcm_MaximumProbability,0.278417566876648
T1.nii_wavelet-LHH_glcm_SumAverage,5.002683623935658
T1.nii_wavelet-LHH_glcm_SumEntropy,1.4698727761636206
T1.nii_wavelet-LHH_glcm_SumSquares,0.2508207702142431
T1.nii_wavelet-LHH_gldm_DependenceEntropy,4.833218185715657
T1.nii_wavelet-LHH_gldm_DependenceNonUniformity,3372.209131350972
T1.nii_wavelet-LHH_gldm_DependenceNonUniformityNormalized,0.07895596186726696
T1.nii_wavelet-LHH_gldm_DependenceVariance,12.082208987765823
T1.nii_wavelet-LHH_gldm_GrayLevelNonUniformity,21321.555513931165
T1.nii_wavelet-LHH_gldm_GrayLevelVariance,0.25158817222827956
T1.nii_wavelet-LHH_gldm_HighGrayLevelEmphasis,6.511542964177008
T1.nii_wavelet-LHH_gldm_LargeDependenceEmphasis,122.65942402247717
T1.nii_wavelet-LHH_gldm_LargeDependenceHighGrayLevelEmphasis,799.8857878716929
T1.nii_wavelet-LHH_gldm_LargeDependenceLowGrayLevelEmphasis,22.076902364785763
T1.nii_wavelet-LHH_gldm_LowGrayLevelEmphasis,0.18064368219776789
T1.nii_wavelet-LHH_gldm_SmallDependenceEmphasis,0.01742352431093485
T1.nii_wavelet-LHH_gldm_SmallDependenceHighGrayLevelEmphasis,0.11273065687143212
T1.nii_wavelet-LHH_gldm_SmallDependenceLowGrayLevelEmphasis,0.0033070752565849937
T1.nii_wavelet-LHH_glrlm_GrayLevelNonUniformity,13507.547179467141
T1.nii_wavelet-LHH_glrlm_GrayLevelNonUniformityNormalized,0.4987879666648722
T1.nii_wavelet-LHH_glrlm_GrayLevelVariance,0.25244890005711135
T1.nii_wavelet-LHH_glrlm_HighGrayLevelRunEmphasis,6.506739786752557
T1.nii_wavelet-LHH_glrlm_LongRunEmphasis,4.3310354322162965
T1.nii_wavelet-LHH_glrlm_LongRunHighGrayLevelEmphasis,28.272982507038588
T1.nii_wavelet-LHH_glrlm_LongRunLowGrayLevelEmphasis,0.7794563028230203
T1.nii_wavelet-LHH_glrlm_LowGrayLevelRunEmphasis,0.1809998150878907
T1.nii_wavelet-LHH_glrlm_RunEntropy,2.512373563854447
T1.nii_wavelet-LHH_glrlm_RunLengthNonUniformity,13450.761445268003
T1.nii_wavelet-LHH_glrlm_RunLengthNonUniformityNormalized,0.47257574592932805
T1.nii_wavelet-LHH_glrlm_RunPercentage,0.6340165336887418
T1.nii_wavelet-LHH_glrlm_RunVariance,1.2169282125993552
T1.nii_wavelet-LHH_glrlm_ShortRunEmphasis,0.6831534062112211
T1.nii_wavelet-LHH_glrlm_ShortRunHighGrayLevelEmphasis,4.445255525448561
T1.nii_wavelet-LHH_glrlm_ShortRunLowGrayLevelEmphasis,0.12381557251080023
T1.nii_wavelet-LHH_glszm_GrayLevelNonUniformity,83.91370558375634
T1.nii_wavelet-LHH_glszm_GrayLevelNonUniformityNormalized,0.4259578963642454
T1.nii_wavelet-LHH_glszm_GrayLevelVariance,0.41098714215774695
T1.nii_wavelet-LHH_glszm_HighGrayLevelZoneEmphasis,6.472081218274112
T1.nii_wavelet-LHH_glszm_LargeAreaEmphasis,4399582.578680203
T1.nii_wavelet-LHH_glszm_LargeAreaHighGrayLevelEmphasis,28718288.588832486
T1.nii_wavelet-LHH_glszm_LargeAreaLowGrayLevelEmphasis,791008.1792160181
T1.nii_wavelet-LHH_glszm_LowGrayLevelZoneEmphasis,0.22225747320924985
T1.nii_wavelet-LHH_glszm_SizeZoneNonUniformity,42.025380710659896
T1.nii_wavelet-LHH_glszm_SizeZoneNonUniformityNormalized,0.21332680563786752
T1.nii_wavelet-LHH_glszm_SmallAreaEmphasis,0.4604609861979054
T1.nii_wavelet-LHH_glszm_SmallAreaHighGrayLevelEmphasis,2.9160058366083157
T1.nii_wavelet-LHH_glszm_SmallAreaLowGrayLevelEmphasis,0.10733815954704799
T1.nii_wavelet-LHH_glszm_ZoneEntropy,4.256520516611252
T1.nii_wavelet-LHH_glszm_ZonePercentage,0.004612502926715055
T1.nii_wavelet-LHH_glszm_ZoneVariance,4352579.458269989
T1.nii_wavelet-LHH_ngtdm_Busyness,950.962801522593
T1.nii_wavelet-LHH_ngtdm_Coarseness,9.541695096733412e-05
T1.nii_wavelet-LHH_ngtdm_Complexity,3.4391222066145204
T1.nii_wavelet-LHH_ngtdm_Contrast,0.020632658680349903
T1.nii_wavelet-LHH_ngtdm_Strength,0.0005716052061364201
T1.nii_wavelet-LHL_firstorder_10Percentile,-13.243922836227974
T1.nii_wavelet-LHL_firstorder_90Percentile,13.017735652841806
T1.nii_wavelet-LHL_firstorder_Energy,5148585.6591932615
T1.nii_wavelet-LHL_firstorder_Entropy,1.011593861339462
T1.nii_wavelet-LHL_firstorder_InterquartileRange,13.499471376236247
T1.nii_wavelet-LHL_firstorder_Kurtosis,9.350320251629654
T1.nii_wavelet-LHL_firstorder_Maximum,80.09808253134085
T1.nii_wavelet-LHL_firstorder_Mean,-0.09965799894332672
T1.nii_wavelet-LHL_firstorder_MeanAbsoluteDeviation,8.357146369879105
T1.nii_wavelet-LHL_firstorder_Median,0.04189606416646707
T1.nii_wavelet-LHL_firstorder_Minimum,-221.5357173816269
T1.nii_wavelet-LHL_firstorder_Range,301.6337999129678
T1.nii_wavelet-LHL_firstorder_RobustMeanAbsoluteDeviation,5.601893154364695
T1.nii_wavelet-LHL_firstorder_RootMeanSquared,10.979414614935548
T1.nii_wavelet-LHL_firstorder_Skewness,-0.4172333786275833
T1.nii_wavelet-LHL_firstorder_TotalEnergy,10139629.60869235
T1.nii_wavelet-LHL_firstorder_Uniformity,0.4990254695339036
T1.nii_wavelet-LHL_firstorder_Variance,120.5376135699069
T1.nii_wavelet-LHL_glcm_Autocorrelation,30.340080151663805
T1.nii_wavelet-LHL_glcm_ClusterProminence,0.5774128255093195
T1.nii_wavelet-LHL_glcm_ClusterShade,-0.009844870685281967
T1.nii_wavelet-LHL_glcm_ClusterTendency,0.5570819022630777
T1.nii_wavelet-LHL_glcm_Contrast,0.4472524829388997
T1.nii_wavelet-LHL_glcm_Correlation,0.10932363718462941
T1.nii_wavelet-LHL_glcm_DifferenceAverage,0.4465797855339332
T1.nii_wavelet-LHL_glcm_DifferenceEntropy,0.9743195023807899
T1.nii_wavelet-LHL_glcm_DifferenceVariance,0.24077738291149908
T1.nii_wavelet-LHL_glcm_Id,0.7768207684282781
T1.nii_wavelet-LHL_glcm_Idm,0.77677737697353
T1.nii_wavelet-LHL_glcm_Idmn,0.9910565388638369
T1.nii_wavelet-LHL_glcm_Idn,0.9441868213264745
T1.nii_wavelet-LHL_glcm_Imc1,-0.03003080758338817
T1.nii_wavelet-LHL_glcm_Imc2,0.13966730170544372
T1.nii_wavelet-LHL_glcm_InverseVariance,0.4460049173387993
T1.nii_wavelet-LHL_glcm_JointAverage,5.505689796899501
T1.nii_wavelet-LHL_glcm_JointEnergy,0.25952556998742005
T1.nii_wavelet-LHL_glcm_JointEntropy,1.9821755758049693
T1.nii_wavelet-LHL_glcm_MCC,0.1949876420903616
T1.nii_wavelet-LHL_glcm_MaximumProbability,0.2826164315786759
T1.nii_wavelet-LHL_glcm_SumAverage,11.011379593799004
T1.nii_wavelet-LHL_glcm_SumEntropy,1.53237768562629
T1.nii_wavelet-LHL_glcm_SumSquares,0.25108359630049437
T1.nii_wavelet-LHL_gldm_DependenceEntropy,5.138386828554813
T1.nii_wavelet-LHL_gldm_DependenceNonUniformity,2728.8917349566846
T1.nii_wavelet-LHL_gldm_DependenceNonUniformityNormalized,0.06389350819378797
T1.nii_wavelet-LHL_gldm_DependenceVariance,18.44748646995596
T1.nii_wavelet-LHL_gldm_GrayLevelNonUniformity,21313.377803793024
T1.nii_wavelet-LHL_gldm_GrayLevelVariance,0.25266750581820807
T1.nii_wavelet-LHL_gldm_HighGrayLevelEmphasis,30.51683446499649
T1.nii_wavelet-LHL_gldm_LargeDependenceEmphasis,151.83132755794895
T1.nii_wavelet-LHL_gldm_LargeDependenceHighGrayLevelEmphasis,4657.146569889956
T1.nii_wavelet-LHL_gldm_LargeDependenceLowGrayLevelEmphasis,5.116260963302047
T1.nii_wavelet-LHL_gldm_LowGrayLevelEmphasis,0.03390525314160629
T1.nii_wavelet-LHL_gldm_SmallDependenceEmphasis,0.016883624287511938
T1.nii_wavelet-LHL_gldm_SmallDependenceHighGrayLevelEmphasis,0.5137915381846939
T1.nii_wavelet-LHL_gldm_SmallDependenceLowGrayLevelEmphasis,0.0006014159364398952
T1.nii_wavelet-LHL_glrlm_GrayLevelNonUniformity,12650.288984633698
T1.nii_wavelet-LHL_glrlm_GrayLevelNonUniformityNormalized,0.4983707168741678
T1.nii_wavelet-LHL_glrlm_GrayLevelVariance,0.25448289348369924
T1.nii_wavelet-LHL_glrlm_HighGrayLevelRunEmphasis,30.45518416460679
T1.nii_wavelet-LHL_glrlm_LongRunEmphasis,4.72816951373708
T1.nii_wavelet-LHL_glrlm_LongRunHighGrayLevelEmphasis,144.56691683032062
T1.nii_wavelet-LHL_glrlm_LongRunLowGrayLevelEmphasis,0.15990113888976706
T1.nii_wavelet-LHL_glrlm_LowGrayLevelRunEmphasis,0.03399919329690938
T1.nii_wavelet-LHL_glrlm_RunEntropy,2.658948846215326
T1.nii_wavelet-LHL_glrlm_RunLengthNonUniformity,11322.09904010149
T1.nii_wavelet-LHL_glrlm_RunLengthNonUniformityNormalized,0.4283676489443104
T1.nii_wavelet-LHL_glrlm_RunPercentage,0.5942618374367379
T1.nii_wavelet-LHL_glrlm_RunVariance,1.3581106522163597
T1.nii_wavelet-LHL_glrlm_ShortRunEmphasis,0.6489408564432058
T1.nii_wavelet-LHL_glrlm_ShortRunHighGrayLevelEmphasis,19.721665946118982
T1.nii_wavelet-LHL_glrlm_ShortRunLowGrayLevelEmphasis,0.022130546374926056
T1.nii_wavelet-LHL_glszm_GrayLevelNonUniformity,89.58928571428571
T1.nii_wavelet-LHL_glszm_GrayLevelNonUniformityNormalized,0.3999521683673469
T1.nii_wavelet-LHL_glszm_GrayLevelVariance,0.5980349170918368
T1.nii_wavelet-LHL_glszm_HighGrayLevelZoneEmphasis,30.995535714285715
T1.nii_wavelet-LHL_glszm_LargeAreaEmphasis,3812777.785714286
T1.nii_wavelet-LHL_glszm_LargeAreaHighGrayLevelEmphasis,116142038.66964285
T1.nii_wavelet-LHL_glszm_LargeAreaLowGrayLevelEmphasis,129374.90604528568
T1.nii_wavelet-LHL_glszm_LowGrayLevelZoneEmphasis,0.03892753381114351
T1.nii_wavelet-LHL_glszm_SizeZoneNonUniformity,42.892857142857146
T1.nii_wavelet-LHL_glszm_SizeZoneNonUniformityNormalized,0.1914859693877551
T1.nii_wavelet-LHL_glszm_SmallAreaEmphasis,0.4353548488988244
T1.nii_wavelet-LHL_glszm_SmallAreaHighGrayLevelEmphasis,13.407084589463967
T1.nii_wavelet-LHL_glszm_SmallAreaLowGrayLevelEmphasis,0.01968956345747963
T1.nii_wavelet-LHL_glszm_ZoneEntropy,4.604433595148819
T1.nii_wavelet-LHL_glszm_ZonePercentage,0.00524467337859986
T1.nii_wavelet-LHL_glszm_ZoneVariance,3776422.8730070153
T1.nii_wavelet-LHL_ngtdm_Busyness,208.82257310761753
T1.nii_wavelet-LHL_ngtdm_Coarseness,0.00010638277695558107
T1.nii_wavelet-LHL_ngtdm_Complexity,9.263534791981456
T1.nii_wavelet-LHL_ngtdm_Contrast,0.007441118189544024
T1.nii_wavelet-LHL_ngtdm_Strength,0.0035017254520937372
T1.nii_wavelet-LLH_firstorder_10Percentile,-114.50012079792538
T1.nii_wavelet-LLH_firstorder_90Percentile,66.48885066301376
T1.nii_wavelet-LLH_firstorder_Energy,352499709.06119394
T1.nii_wavelet-LLH_firstorder_Entropy,2.704336685917238
T1.nii_wavelet-LLH_firstorder_InterquartileRange,83.4088411455981
T1.nii_wavelet-LLH_firstorder_Kurtosis,7.314218069855774
T1.nii_wavelet-LLH_firstorder_Maximum,650.2083151621413
T1.nii_wavelet-LLH_firstorder_Mean,-14.282381673555273
T1.nii_wavelet-LLH_firstorder_MeanAbsoluteDeviation,61.56438830281912
T1.nii_wavelet-LLH_firstorder_Median,-5.800550008803983
T1.nii_wavelet-LLH_firstorder_Minimum,-427.2071202544082
T1.nii_wavelet-LLH_firstorder_Range,1077.4154354165494
T1.nii_wavelet-LLH_firstorder_RobustMeanAbsoluteDeviation,35.81062604694497
T1.nii_wavelet-LLH_firstorder_RootMeanSquared,90.84783785651068
T1.nii_wavelet-LLH_firstorder_Skewness,-0.11985935747109311
T1.nii_wavelet-LLH_firstorder_TotalEnergy,694213270.1376419
T1.nii_wavelet-LLH_firstorder_Uniformity,0.20805962533332756
T1.nii_wavelet-LLH_firstorder_Variance,8049.3432169337475
T1.nii_wavelet-LLH_glcm_Autocorrelation,86.61234418789977
T1.nii_wavelet-LLH_glcm_ClusterProminence,406.9922282238626
T1.nii_wavelet-LLH_glcm_ClusterShade,-11.697599604477677
T1.nii_wavelet-LLH_glcm_ClusterTendency,6.896486184691425
T1.nii_wavelet-LLH_glcm_Contrast,3.8308543666367516
T1.nii_wavelet-LLH_glcm_Correlation,0.23496933464042752
T1.nii_wavelet-LLH_glcm_DifferenceAverage,1.208682709318737
T1.nii_wavelet-LLH_glcm_DifferenceEntropy,1.963840507412628
T1.nii_wavelet-LLH_glcm_DifferenceVariance,2.0731611723963224
T1.nii_wavelet-LLH_glcm_Id,0.6190844286210002
T1.nii_wavelet-LLH_glcm_Idm,0.5823952180754852
T1.nii_wavelet-LLH_glcm_Idmn,0.993223071623684
T1.nii_wavelet-LLH_glcm_Idn,0.9534177369231884
T1.nii_wavelet-LLH_glcm_Imc1,-0.16838394399940196
T1.nii_wavelet-LLH_glcm_Imc2,0.5486946286002284
T1.nii_wavelet-LLH_glcm_InverseVariance,0.4116637388865732
T1.nii_wavelet-LLH_glcm_JointAverage,9.26521687625254
T1.nii_wavelet-LLH_glcm_JointEnergy,0.07440277013057472
T1.nii_wavelet-LLH_glcm_JointEntropy,4.63463426101225
T1.nii_wavelet-LLH_glcm_MCC,0.5062535081506269
T1.nii_wavelet-LLH_glcm_MaximumProbability,0.15222319999255915
T1.nii_wavelet-LLH_glcm_SumAverage,18.530433752505083
T1.nii_wavelet-LLH_glcm_SumEntropy,3.145060409759069
T1.nii_wavelet-LLH_glcm_SumSquares,2.6818351378320435
T1.nii_wavelet-LLH_gldm_DependenceEntropy,6.542595421404174
T1.nii_wavelet-LLH_gldm_DependenceNonUniformity,2915.9550924841956
T1.nii_wavelet-LLH_gldm_DependenceNonUniformityNormalized,0.06827335735153818
T1.nii_wavelet-LLH_gldm_DependenceVariance,21.71768013064319
T1.nii_wavelet-LLH_gldm_GrayLevelNonUniformity,8886.22659798642
T1.nii_wavelet-LLH_gldm_GrayLevelVariance,3.307715216138901
T1.nii_wavelet-LLH_gldm_HighGrayLevelEmphasis,88.2650901428237
T1.nii_wavelet-LLH_gldm_LargeDependenceEmphasis,94.21985483493327
T1.nii_wavelet-LLH_gldm_LargeDependenceHighGrayLevelEmphasis,8604.417092015921
T1.nii_wavelet-LLH_gldm_LargeDependenceLowGrayLevelEmphasis,1.1490303938788997
T1.nii_wavelet-LLH_gldm_LowGrayLevelEmphasis,0.014819100917096912
T1.nii_wavelet-LLH_gldm_SmallDependenceEmphasis,0.049927294511545935
T1.nii_wavelet-LLH_gldm_SmallDependenceHighGrayLevelEmphasis,4.977876647963141
T1.nii_wavelet-LLH_gldm_SmallDependenceLowGrayLevelEmphasis,0.0007996574133655283
T1.nii_wavelet-LLH_glrlm_GrayLevelNonUniformity,5615.644674868341
T1.nii_wavelet-LLH_glrlm_GrayLevelNonUniformityNormalized,0.18321143710559037
T1.nii_wavelet-LLH_glrlm_GrayLevelVariance,3.989629132960218
T1.nii_wavelet-LLH_glrlm_HighGrayLevelRunEmphasis,87.94031250837772
T1.nii_wavelet-LLH_glrlm_LongRunEmphasis,4.720518138695488
T1.nii_wavelet-LLH_glrlm_LongRunHighGrayLevelEmphasis,423.64920199833426
T1.nii_wavelet-LLH_glrlm_LongRunLowGrayLevelEmphasis,0.06412875320858737
T1.nii_wavelet-LLH_glrlm_LowGrayLevelRunEmphasis,0.015494025290046919
T1.nii_wavelet-LLH_glrlm_RunEntropy,4.043834905019035
T1.nii_wavelet-LLH_glrlm_RunLengthNonUniformity,20299.246515219755
T1.nii_wavelet-LLH_glrlm_RunLengthNonUniformityNormalized,0.6045800076549696
T1.nii_wavelet-LLH_glrlm_RunPercentage,0.7109684274985142
T1.nii_wavelet-LLH_glrlm_RunVariance,1.7955066700082616
T1.nii_wavelet-LLH_glrlm_ShortRunEmphasis,0.775894013471288
T1.nii_wavelet-LLH_glrlm_ShortRunHighGrayLevelEmphasis,68.1671883228888
T1.nii_wavelet-LLH_glrlm_ShortRunLowGrayLevelEmphasis,0.012368242720335761
T1.nii_wavelet-LLH_glszm_GrayLevelNonUniformity,165.70770937326677
T1.nii_wavelet-LLH_glszm_GrayLevelNonUniformityNormalized,0.09190666077274919
T1.nii_wavelet-LLH_glszm_GrayLevelVariance,10.966500338838731
T1.nii_wavelet-LLH_glszm_HighGrayLevelZoneEmphasis,108.60676650027732
T1.nii_wavelet-LLH_glszm_LargeAreaEmphasis,158234.62340543538
T1.nii_wavelet-LLH_glszm_LargeAreaHighGrayLevelEmphasis,14459943.13255685
T1.nii_wavelet-LLH_glszm_LargeAreaLowGrayLevelEmphasis,1759.9485703804944
T1.nii_wavelet-LLH_glszm_LowGrayLevelZoneEmphasis,0.016803756423381173
T1.nii_wavelet-LLH_glszm_SizeZoneNonUniformity,333.2773155851359
T1.nii_wavelet-LLH_glszm_SizeZoneNonUniformityNormalized,0.18484598756801768
T1.nii_wavelet-LLH_glszm_SmallAreaEmphasis,0.4315799047092753
T1.nii_wavelet-LLH_glszm_SmallAreaHighGrayLevelEmphasis,50.91616193124529
T1.nii_wavelet-LLH_glszm_SmallAreaLowGrayLevelEmphasis,0.006204966253016134
T1.nii_wavelet-LLH_glszm_ZoneEntropy,6.910379734865303
T1.nii_wavelet-LLH_glszm_ZonePercentage,0.042214937953640834
T1.nii_wavelet-LLH_glszm_ZoneVariance,157673.48797730042
T1.nii_wavelet-LLH_ngtdm_Busyness,16.63387130779902
T1.nii_wavelet-LLH_ngtdm_Coarseness,0.00017846009410202987
T1.nii_wavelet-LLH_ngtdm_Complexity,235.53511309625986
T1.nii_wavelet-LLH_ngtdm_Contrast,0.011860407613285641
T1.nii_wavelet-LLH_ngtdm_Strength,0.06535901107123539
T1.nii_wavelet-LLL_firstorder_10Percentile,1885.5728836009046
T1.nii_wavelet-LLL_firstorder_90Percentile,2249.729378977894
T1.nii_wavelet-LLL_firstorder_Energy,183730956853.77386
T1.nii_wavelet-LLL_firstorder_Entropy,3.610379943903287
T1.nii_wavelet-LLL_firstorder_InterquartileRange,190.56225111260983
T1.nii_wavelet-LLL_firstorder_Kurtosis,5.22704946197283
T1.nii_wavelet-LLL_firstorder_Maximum,2602.7684469019955
T1.nii_wavelet-LLL_firstorder_Mean,2068.5353378645427
T1.nii_wavelet-LLL_firstorder_MeanAbsoluteDeviation,116.38414845770245
T1.nii_wavelet-LLL_firstorder_Median,2075.432226275756
T1.nii_wavelet-LLL_firstorder_Minimum,1080.8252257115203
T1.nii_wavelet-LLL_firstorder_Range,1521.9432211904752
T1.nii_wavelet-LLL_firstorder_RobustMeanAbsoluteDeviation,79.17654023798723
T1.nii_wavelet-LLL_firstorder_RootMeanSquared,2074.084197900523
T1.nii_wavelet-LLL_firstorder_Skewness,-0.6270623591301756
T1.nii_wavelet-LLL_firstorder_TotalEnergy,361839925265.9637
T1.nii_wavelet-LLL_firstorder_Uniformity,0.09848736182629433
T1.nii_wavelet-LLL_firstorder_Variance,22986.81598627914
T1.nii_wavelet-LLL_glcm_Autocorrelation,444.204069914624
T1.nii_wavelet-LLL_glcm_ClusterProminence,3105.3697822389813
T1.nii_wavelet-LLL_glcm_ClusterShade,-58.50858991216238
T1.nii_wavelet-LLL_glcm_ClusterTendency,27.190329262589703
T1.nii_wavelet-LLL_glcm_Contrast,3.6597865929186706
T1.nii_wavelet-LLL_glcm_Correlation,0.7491128768709162
T1.nii_wavelet-LLL_glcm_DifferenceAverage,1.2718381230202598
T1.nii_wavelet-LLL_glcm_DifferenceEntropy,2.002436167916497
T1.nii_wavelet-LLL_glcm_DifferenceVariance,1.7480767303321014
T1.nii_wavelet-LLL_glcm_Id,0.5944211115845697
T1.nii_wavelet-LLL_glcm_Idm,0.5527510816945747
T1.nii_wavelet-LLL_glcm_Idmn,0.9965086115489812
T1.nii_wavelet-LLL_glcm_Idn,0.9634202812044739
T1.nii_wavelet-LLL_glcm_Imc1,-0.27152712990838523
T1.nii_wavelet-LLL_glcm_Imc2,0.8516510973426848
T1.nii_wavelet-LLL_glcm_InverseVariance,0.41992617830244766
T1.nii_wavelet-LLL_glcm_JointAverage,20.936080190037334
T1.nii_wavelet-LLL_glcm_JointEnergy,0.024662719921814288
T1.nii_wavelet-LLL_glcm_JointEntropy,6.030978842151014
T1.nii_wavelet-LLL_glcm_MCC,0.7727688113182121
T1.nii_wavelet-LLL_glcm_MaximumProbability,0.052893777134698686
T1.nii_wavelet-LLL_glcm_SumAverage,41.87216038007467
T1.nii_wavelet-LLL_glcm_SumEntropy,4.378752772696602
T1.nii_wavelet-LLL_glcm_SumSquares,7.71252896387709
T1.nii_wavelet-LLL_gldm_DependenceEntropy,7.472105387305693
T1.nii_wavelet-LLL_gldm_DependenceNonUniformity,3251.166237415125
T1.nii_wavelet-LLL_gldm_DependenceNonUniformityNormalized,0.07612189738738294
T1.nii_wavelet-LLL_gldm_DependenceVariance,16.477347672259008
T1.nii_wavelet-LLL_gldm_GrayLevelNonUniformity,4206.39522360103
T1.nii_wavelet-LLL_gldm_GrayLevelVariance,9.280502949849192
T1.nii_wavelet-LLL_gldm_HighGrayLevelEmphasis,444.7741746663545
T1.nii_wavelet-LLL_gldm_LargeDependenceEmphasis,76.98979161788809
T1.nii_wavelet-LLL_gldm_LargeDependenceHighGrayLevelEmphasis,33898.12533364552
T1.nii_wavelet-LLL_gldm_LargeDependenceLowGrayLevelEmphasis,0.18690025075049763
T1.nii_wavelet-LLL_gldm_LowGrayLevelEmphasis,0.0026292066967670406
T1.nii_wavelet-LLL_gldm_SmallDependenceEmphasis,0.05226777832667976
T1.nii_wavelet-LLL_gldm_SmallDependenceHighGrayLevelEmphasis,21.803515648806982
T1.nii_wavelet-LLL_gldm_SmallDependenceLowGrayLevelEmphasis,0.0002253462586505383
T1.nii_wavelet-LLL_glrlm_GrayLevelNonUniformity,3013.3065596026727
T1.nii_wavelet-LLL_glrlm_GrayLevelNonUniformityNormalized,0.0951367295206375
T1.nii_wavelet-LLL_glrlm_GrayLevelVariance,10.19687833778603
T1.nii_wavelet-LLL_glrlm_HighGrayLevelRunEmphasis,444.98465819015684
T1.nii_wavelet-LLL_glrlm_LongRunEmphasis,3.6081513996246035
T1.nii_wavelet-LLL_glrlm_LongRunHighGrayLevelEmphasis,1596.296216884813
T1.nii_wavelet-LLL_glrlm_LongRunLowGrayLevelEmphasis,0.009109116977120009
T1.nii_wavelet-LLL_glrlm_LowGrayLevelRunEmphasis,0.0027124082892031097
T1.nii_wavelet-LLL_glrlm_RunEntropy,4.774046147554731
T1.nii_wavelet-LLL_glrlm_RunLengthNonUniformity,21534.16676452358
T1.nii_wavelet-LLL_glrlm_RunLengthNonUniformityNormalized,0.6292423484760878
T1.nii_wavelet-LLL_glrlm_RunPercentage,0.7392702123444338
T1.nii_wavelet-LLL_glrlm_RunVariance,1.1708154482520645
T1.nii_wavelet-LLL_glrlm_ShortRunEmphasis,0.7969626256332685
T1.nii_wavelet-LLL_glrlm_ShortRunHighGrayLevelEmphasis,354.48981991426757
T1.nii_wavelet-LLL_glrlm_ShortRunLowGrayLevelEmphasis,0.0022117419614222787
T1.nii_wavelet-LLL_glszm_GrayLevelNonUniformity,109.70601461495222
T1.nii_wavelet-LLL_glszm_GrayLevelNonUniformityNormalized,0.061667236995476236
T1.nii_wavelet-LLL_glszm_GrayLevelVariance,24.662047161294993
T1.nii_wavelet-LLL_glszm_HighGrayLevelZoneEmphasis,392.91793142214726
T1.nii_wavelet-LLL_glszm_LargeAreaEmphasis,55453.80888139404
T1.nii_wavelet-LLL_glszm_LargeAreaHighGrayLevelEmphasis,25550712.437886454
T1.nii_wavelet-LLL_glszm_LargeAreaLowGrayLevelEmphasis,123.49622926012569
T1.nii_wavelet-LLL_glszm_LowGrayLevelZoneEmphasis,0.005186257665845957
T1.nii_wavelet-LLL_glszm_SizeZoneNonUniformity,296.57841483979763
T1.nii_wavelet-LLL_glszm_SizeZoneNonUniformityNormalized,0.16671074471039776
T1.nii_wavelet-LLL_glszm_SmallAreaEmphasis,0.4053785982812619
T1.nii_wavelet-LLL_glszm_SmallAreaHighGrayLevelEmphasis,150.71971231841536
T1.nii_wavelet-LLL_glszm_SmallAreaLowGrayLevelEmphasis,0.0028711015045667196
T1.nii_wavelet-LLL_glszm_ZoneEntropy,7.514182410268912
T1.nii_wavelet-LLL_glszm_ZonePercentage,0.041653008663076564
T1.nii_wavelet-LLL_glszm_ZoneVariance,54877.43107916006
T1.nii_wavelet-LLL_ngtdm_Busyness,3.3112045560598773
T1.nii_wavelet-LLL_ngtdm_Coarseness,0.00031470192506944023
T1.nii_wavelet-LLL_ngtdm_Complexity,436.66088117170636
T1.nii_wavelet-LLL_ngtdm_Contrast,0.016107259507282277
T1.nii_wavelet-LLL_ngtdm_Strength,0.1977657431584605
